date,state,unemployment_rate,cpi_index,inflation_rate_yoy,national_inflation_yoy,oil_price_wti,mortgage_rate_30yr,fed_funds_rate,hpi
2000-01-01,MA,3.1,180.2,,,27.259473684210523,8.21,5.45,401.26
2000-02-01,MA,3.0,177.6,,,29.366000000000003,8.325,5.73,401.26
2000-03-01,MA,2.9,182.8,,,29.84173913043478,8.24,5.85,401.26
2000-04-01,MA,2.8,178.5,,,25.722105263157896,8.1525,6.02,414.3
2000-05-01,MA,2.8,181.7,,,28.78818181818182,8.515,6.27,414.3
2000-06-01,MA,2.8,179.0,,,31.82227272727273,8.288,6.53,414.3
2000-07-01,MA,2.7,183.2,,,29.69684210526316,8.1475,6.54,429.42
2000-08-01,MA,2.7,179.9,,,31.26391304347826,8.0275,6.5,429.42
2000-09-01,MA,2.7,184.3,,,33.884,7.912000000000001,6.52,429.42
2000-10-01,MA,2.7,181.2,,,33.108636363636364,7.795,6.51,439.83
2000-11-01,MA,2.7,187.4,,,34.417142857142856,7.745,6.51,439.83
2000-12-01,MA,2.8,181.3,,,28.436500000000002,7.382,6.4,439.83
2001-01-01,MA,2.9,189.0,4.883462819089912,3.7212049616065945,29.585714285714282,7.0325,5.98,451.58
2001-02-01,MA,3.1,182.8,2.9279279279279313,3.529411764705892,29.609473684210528,7.05,5.49,451.58
2001-03-01,MA,3.2,190.9,4.431072210065645,2.9824561403508643,27.244545454545456,6.952,5.31,451.58
2001-04-01,MA,3.4,184.2,3.1932773109243584,3.2182562902282053,27.49,7.0775,4.8,465.32
2001-05-01,MA,3.5,190.9,5.063291139240511,3.5630841121495394,28.62909090909091,7.145,4.21,465.32
2001-06-01,MA,3.7,185.3,3.519553072625703,3.193960511033689,27.59904761904762,7.159999999999999,3.97,465.32
2001-07-01,MA,3.8,192.1,4.858078602620086,2.7214823393167498,26.4247619047619,7.1275,3.77,480.85
2001-08-01,MA,4.0,185.1,2.8904947192884833,2.7214823393167498,27.37391304347826,6.95,3.65,480.85
2001-09-01,MA,4.2,192.7,4.557786218122617,2.5921658986175045,26.199473684210528,6.8175,3.07,480.85
2001-10-01,MA,4.4,185.0,2.0971302428256067,2.127659574468077,22.169565217391302,6.6175,2.49,490.65
2001-11-01,MA,4.6,192.7,2.8281750266808903,1.894374282433997,19.634999999999998,6.6579999999999995,2.09,490.65
2001-12-01,MA,4.7,184.2,1.599558742415863,1.603665521191311,19.388947368421054,7.0649999999999995,1.82,490.65
2002-01-01,MA,4.9,192.9,2.063492063492056,1.1958997722095743,19.714761904761904,6.9975,1.73,504.9
2002-02-01,MA,5.0,186.1,1.8052516411378505,1.1363636363636465,20.723684210526315,6.8925,1.74,504.9
2002-03-01,MA,5.0,194.7,1.9905709795704496,1.3628620102214661,24.531,7.014,1.73,504.9
2002-04-01,MA,5.1,187.8,1.954397394136831,1.643990929705219,26.179090909090913,6.985,1.75,523.49
2002-05-01,MA,5.2,194.8,2.0429544264012556,1.2408347433727984,27.041363636363634,6.806,1.75,523.49
2002-06-01,MA,5.2,187.8,1.3491635186184459,1.0692177827799743,25.5185,6.65,1.75,523.49
2002-07-01,MA,5.3,195.7,1.874023945861536,1.465614430665152,26.966190476190473,6.485,1.73,538.81
2002-08-01,MA,5.3,189.3,2.269043760129663,1.747463359639223,28.385,6.29,1.74,538.81
2002-09-01,MA,5.4,199.1,3.321224701608716,1.516002245929271,29.6635,6.0925,1.75,538.81
2002-10-01,MA,5.4,189.9,2.648648648648644,2.0270270270270174,28.836521739130436,6.1125,1.75,551.01
2002-11-01,MA,5.5,200.4,3.995848469122998,2.2535211267605604,26.352105263157895,6.068,1.34,551.01
2002-12-01,MA,5.6,189.6,2.931596091205213,2.4802705749718212,29.460952380952378,6.0475,1.24,551.01
2003-01-01,MA,5.6,199.8,3.5769828926905056,2.757456387169399,32.94714285714286,5.9159999999999995,1.24,561.9
2003-02-01,MA,5.7,191.7,3.0091348737238066,3.146067415730336,35.828421052631576,5.8425,1.26,561.9
2003-03-01,MA,5.7,202.8,4.160246533127898,3.025210084033625,33.513333333333335,5.745,1.25,561.9
2003-04-01,MA,5.8,192.6,2.555910543130979,2.175125488008911,28.170476190476194,5.8125,1.26,571.01
2003-05-01,MA,5.8,202.3,3.8501026694045093,1.8941504178273005,28.108571428571427,5.484,1.26,571.01
2003-06-01,MA,5.9,192.8,2.6624068157614422,1.948775055679297,30.66238095238095,5.23,1.22,571.01
2003-07-01,MA,5.9,203.0,3.730199284619329,2.055555555555544,30.754545454545454,5.6325,1.01,581.76
2003-08-01,MA,5.9,194.3,2.6413100898045494,2.216066481994461,31.573809523809523,6.264,1.03,581.76
2003-09-01,MA,5.8,206.8,3.8674033149171283,2.378318584070782,28.31142857142857,6.1475,1.01,581.76
2003-10-01,MA,5.7,195.4,2.896261190100047,2.041942604856528,30.338260869565215,5.952,1.01,606.59
2003-11-01,MA,5.6,206.5,3.0439121756486998,1.9283746556473913,31.108333333333334,5.9325,1.0,606.59
2003-12-01,MA,5.5,194.9,2.795358649789037,2.0352035203520247,32.12904761904762,5.8759999999999994,0.98,606.59
2004-01-01,MA,5.5,208.4,4.304304304304307,2.026286966046009,34.31,5.7125,1.0,616.81
2004-02-01,MA,5.4,196.8,2.6604068857590146,1.688453159041381,34.68473684210526,5.635,1.01,616.81
2004-03-01,MA,5.3,208.7,2.909270216962523,1.7400761283306032,36.74130434782609,5.445,1.0,616.81
2004-04-01,MA,5.3,199.4,3.530633437175501,2.2925764192139875,36.75,5.83,1.0,631.35
2004-05-01,MA,5.2,208.7,3.1636183885318747,2.8977583378895444,40.275,6.27,1.0,631.35
2004-06-01,MA,5.2,201.1,4.304979253112018,3.1676679410158393,38.025238095238095,6.2875,1.03,631.35
2004-07-01,MA,5.1,208.9,2.9064039408867037,2.939575394665228,40.77809523809524,6.056,1.26,661.82
2004-08-01,MA,5.0,201.0,3.44827586206895,2.5474254742547275,44.90318181818182,5.8675,1.43,661.82
2004-09-01,MA,4.9,209.8,1.4506769825918697,2.5391680172879516,45.93571428571428,5.754,1.61,661.82
2004-10-01,MA,4.9,202.5,3.63357215967246,3.1909140075716547,53.28047619047619,5.7225,1.76,672.84
2004-11-01,MA,4.9,211.7,2.5181598062953947,3.621621621621607,48.469,5.73,1.93,672.84
2004-12-01,MA,4.9,201.9,3.591585428424837,3.3423180592991875,43.14952380952381,5.752,2.16,672.84
2005-01-01,MA,4.9,211.3,1.3915547024952124,2.8448738593666034,46.837,5.71,2.28,687.3
2005-02-01,MA,4.9,203.6,3.4552845528455167,3.0530262453133394,48.148947368421055,5.6275,2.5,687.3
2005-03-01,MA,4.8,214.2,2.6353617632965953,3.2068412613575736,54.186818181818175,5.928,2.63,687.3
2005-04-01,MA,4.8,206.9,3.761283851554653,3.3617929562433257,52.97904761904762,5.855,2.79,703.6
2005-05-01,MA,4.8,214.6,2.8270244369908992,2.869287991498415,49.83380952380952,5.72,3.0,703.6
2005-06-01,MA,4.7,206.2,2.5360517155643914,2.541026998411855,56.35227272727273,5.582,3.04,703.6
2005-07-01,MA,4.7,217.2,3.9731929152704515,3.067160232681121,58.99550000000001,5.695,3.26,714.76
2005-08-01,MA,4.7,208.7,3.8308457711442756,3.6469344608879517,64.98521739130435,5.82,3.5,714.76
2005-09-01,MA,4.8,220.1,4.909437559580554,4.741833508956805,65.58666666666666,5.774,3.62,714.76
2005-10-01,MA,4.8,211.5,4.444444444444451,4.350104821802936,62.260000000000005,6.065,3.78,719.67
2005-11-01,MA,4.8,218.6,3.2593292394898388,3.3385498174230532,58.322500000000005,6.33,4.0,719.67
2005-12-01,MA,4.8,209.0,3.516592372461602,3.3385498174230532,59.411904761904765,6.272,4.16,719.67
2006-01-01,MA,4.7,220.5,4.353999053478463,4.018789144050117,65.485,6.145,4.29,720.36
2006-02-01,MA,4.7,211.6,3.9292730844793677,3.63825363825363,61.631052631578946,6.2525,4.49,720.36
2006-03-01,MA,4.7,221.3,3.3146591970121486,3.4179181771103018,62.68521739130435,6.324,4.59,720.36
2006-04-01,MA,4.7,214.7,3.769937167713855,3.613835828600931,69.44368421052631,6.5075,4.79,711.51
2006-05-01,MA,4.7,222.9,3.8676607642124994,3.9772727272727293,70.84409090909091,6.5975,4.94,711.51
2006-06-01,MA,4.7,216.7,5.092143549951511,4.1817243159525175,70.9509090909091,6.6819999999999995,4.99,711.51
2006-07-01,MA,4.7,225.1,3.6372007366482606,4.104669061056954,74.41105263157894,6.7625,5.24,706.27
2006-08-01,MA,4.7,218.1,4.504072831815997,3.926568077511483,73.04304347826087,6.523999999999999,5.25,706.27
2006-09-01,MA,4.7,224.5,1.9990913221263007,2.012072434607637,63.798,6.4025,5.25,706.27
2006-10-01,MA,4.7,215.2,1.749408983451528,1.4063284781516971,58.89318181818182,6.3575,5.25,708.22
2006-11-01,MA,4.7,223.1,2.0585544373284526,1.9687026754164672,59.0825,6.24,5.25,708.22
2006-12-01,MA,4.6,215.2,2.966507177033484,2.5239777889954462,61.959,6.135,5.24,708.22
2007-01-01,MA,4.6,224.432,1.7832199546485183,2.075765178123423,54.50619047619048,6.2175,5.25,702.79
2007-02-01,MA,4.6,216.651,2.387051039697541,2.420260782347028,59.27894736842105,6.285,5.26,702.79
2007-03-01,MA,4.5,226.427,2.3167645729778474,2.798197295943927,60.441818181818185,6.156000000000001,5.26,702.79
2007-04-01,MA,4.5,219.501,2.2361434559851068,2.5929247633283525,63.977,6.18,5.25,692.69
2007-05-01,MA,4.5,226.247,1.501570210856884,2.709885742672613,63.45454545454545,6.2620000000000005,5.25,692.69
2007-06-01,MA,4.5,221.579,2.2514997692662853,2.692765113974227,67.48904761904762,6.657500000000001,5.25,692.69
2007-07-01,MA,4.5,226.929,0.8125277654375873,2.3178905864958077,74.11761904761904,6.695,5.26,679.04
2007-08-01,MA,4.5,221.559,1.5859697386519933,1.897448478900876,72.35608695652174,6.572,5.02,679.04
2007-09-01,MA,4.5,227.85,1.492204899777283,2.8338264299802685,79.91473684210526,6.3825,4.94,679.04
2007-10-01,MA,4.5,221.951,3.1370817843866305,3.610698365527476,85.7986956521739,6.375,4.76,679.06
2007-11-01,MA,4.5,230.689,3.4016136261765917,4.373267326732666,94.77238095238096,6.208,4.49,679.06
2007-12-01,MA,4.5,223.425,3.8220260223048363,4.108813392417532,91.687,6.095,4.24,679.06
2008-01-01,MA,4.5,231.98,3.3631567690881825,4.294695655165981,92.97047619047619,5.758,3.94,675.65
2008-02-01,MA,4.5,225.213,3.951978066106321,4.142959270611968,95.386,5.9175,2.98,675.65
2008-03-01,MA,4.6,233.084,2.9400204039270905,3.9749035501344343,105.454,5.97,2.61,675.65
2008-04-01,MA,4.7,228.133,3.932556115917474,3.9037609759888126,112.58045454545454,5.9175,2.28,654.13
2008-05-01,MA,4.9,235.344,4.020826795493404,4.088413823123993,125.39761904761905,6.036,1.98,654.13
2008-06-01,MA,5.1,232.649,4.9959608085603735,4.935966105947864,133.88,6.32,2.0,654.13
2008-07-01,MA,5.3,241.258,6.31430976208418,5.497512078341837,133.3709090909091,6.425999999999999,2.01,637.83
2008-08-01,MA,5.5,233.788,5.519523016442585,5.308017162091239,116.66619047619047,6.4775,2.0,637.83
2008-09-01,MA,5.7,238.519,4.682466535001106,4.953319875136075,104.11428571428571,6.0375,1.81,637.83
2008-10-01,MA,6.0,230.837,4.003586377173329,3.7310578899565128,76.6086956521739,6.2,0.97,638.65
2008-11-01,MA,6.3,232.354,0.7217509287395618,1.0999174706166848,57.30947368421053,6.0875,0.39,638.65
2008-12-01,MA,6.7,225.091,0.74566409309611,-0.02222800255385904,41.121818181818185,5.286,0.16,638.65
2009-01-01,MA,7.1,230.806,-0.5060781101819067,-0.11358601902212717,41.71,5.047499999999999,0.15,638.95
2009-02-01,MA,7.4,226.754,0.6842411406091209,0.008463140671510772,39.08736842105263,5.13,0.22,638.95
2009-03-01,MA,7.7,232.155,-0.3985687563281881,-0.4464787676623838,47.939090909090915,5.0025,0.18,638.95
2009-04-01,MA,8.0,227.84,-0.12843385218271886,-0.5763244243767063,49.64666666666666,4.8100000000000005,0.15,623.16
2009-05-01,MA,8.1,231.891,-1.4672139506424653,-1.015761495855172,59.028499999999994,4.8575,0.18,623.16
2009-06-01,MA,8.3,229.93,-1.168713383680997,-1.2291746182109153,69.64090909090909,5.42,0.21,623.16
2009-07-01,MA,8.4,233.018,-3.4154307836424147,-1.9587610037622771,64.15227272727272,5.2219999999999995,0.16,612.53
2009-08-01,MA,8.5,230.883,-1.2425787465567106,-1.4838355663267633,71.04476190476191,5.1925,0.16,612.53
2009-09-01,MA,8.5,236.596,-0.8062250806015414,-1.377942862886472,69.40809523809523,5.0575,0.15,612.53
2009-10-01,MA,8.6,231.304,0.20230725576921849,-0.22396829420033848,75.71545454545455,4.952,0.12,613.59
2009-11-01,MA,8.6,236.589,1.8226499221016157,1.9145871744709275,77.99,4.875,0.12,613.59
2009-12-01,MA,8.6,231.462,2.830410811627293,2.8141231232083674,74.47,4.93,0.12,613.59
2010-01-01,MA,8.6,237.266,2.79888737727787,2.6211113889767157,78.32578947368421,5.03,0.11,609.88
2010-02-01,MA,8.5,232.382,2.4819848822953627,2.151336357866529,76.38736842105263,4.99,0.13,609.88
2010-03-01,MA,8.4,237.986,2.511684004221304,2.2861714393279886,81.20347826086957,4.9675,0.16,609.88
2010-04-01,MA,8.3,233.615,2.53467345505618,2.2067707525304403,84.29285714285714,5.098000000000001,0.2,608.05
2010-05-01,MA,8.2,238.083,2.670220060286943,2.003548929218568,73.7435,4.8875,0.2,608.05
2010-06-01,MA,8.1,233.834,1.6979080589744733,1.1215605940686268,75.3359090909091,4.7375,0.18,608.05
2010-07-01,MA,8.0,236.132,1.336377447235848,1.3407784804821077,76.31952380952382,4.564,0.18,611.64
2010-08-01,MA,7.9,234.15,1.4150024038149134,1.1501775395112546,76.59909090909092,4.4275,0.19,611.64
2010-09-01,MA,7.9,236.474,-0.051564692556094194,1.1183122472331775,75.24190476190476,4.346,0.19,611.64
2010-10-01,MA,7.8,234.671,1.4556600836993727,1.1666951489314625,81.89285714285714,4.225,0.19,611.4
2010-11-01,MA,7.8,238.103,0.6399283145032131,1.084544776600338,84.25285714285714,4.3,0.19,611.4
2010-12-01,MA,7.7,235.141,1.5894617691024848,1.437793022217937,89.14590909090909,4.714,0.18,611.4
2011-01-01,MA,7.6,239.814,1.0739001795453174,1.7007834915029774,89.1705,4.755,0.17,602.52
2011-02-01,MA,7.5,237.11,2.0345809916430646,2.124898173333145,88.57842105263158,4.9525,0.16,602.52
2011-03-01,MA,7.5,242.787,2.0173455581420807,2.619241510354109,102.85652173913043,4.836,0.14,602.52
2011-04-01,MA,7.4,240.267,2.8474199002632483,3.0772344447868694,109.5325,4.84,0.1,595.52
2011-05-01,MA,7.3,244.574,2.7263601349109434,3.4589718808964998,100.90047619047618,4.6375,0.09,595.52
2011-06-01,MA,7.3,241.69,3.359648297510187,3.5023181506360412,96.26409090909091,4.51,0.09,595.52
2011-07-01,MA,7.2,244.256,3.440448562668341,3.5798809769996165,97.3035,4.545,0.07,598.72
2011-08-01,MA,7.2,243.033,3.793721973094155,3.75499603070808,86.33304347826088,4.27,0.1,598.72
2011-09-01,MA,7.1,245.31,3.7365630048123766,3.812621692818685,85.51523809523809,4.106,0.08,598.72
2011-10-01,MA,7.0,243.014,3.5551900320022645,3.5222681306640524,86.32238095238095,4.0675,0.07,599.46
2011-11-01,MA,6.9,245.03,2.9092451586078205,3.451432214581729,97.16047619047619,3.9925,0.08,599.46
2011-12-01,MA,6.8,241.987,2.911444622588144,3.062066838419386,98.56285714285715,3.9579999999999997,0.07,599.46
2012-01-01,MA,6.7,245.891,2.534047219928781,3.0087663379855023,100.2735,3.915,0.08,595.66
2012-02-01,MA,6.7,243.85,2.842562523723169,2.8981784423473878,102.204,3.89,0.1,595.66
2012-03-01,MA,6.7,247.166,1.8036385803193777,2.5828752813320977,106.15772727272729,3.9539999999999997,0.13,595.66
2012-04-01,MA,6.7,245.85,2.323664922773405,2.2731633741348567,103.321,3.91,0.14,593.88
2012-05-01,MA,6.7,246.582,0.8210194051697872,1.7379429374660749,94.65454545454546,3.7979999999999996,0.16,593.88
2012-06-01,MA,6.7,245.201,1.4526873267408646,1.653870448297634,82.30333333333333,3.675,0.16,593.88
2012-07-01,MA,6.7,246.326,0.8474715053059079,1.4175114798464783,87.8952380952381,3.55,0.16,597.92
2012-08-01,MA,6.7,246.252,1.3245114860944929,1.6859349154821235,94.13130434782609,3.6019999999999994,0.13,597.92
2012-09-01,MA,6.7,249.488,1.703151114915813,1.9497168982819613,94.51368421052632,3.4975,0.14,597.92
2012-10-01,MA,6.7,247.564,1.8723201132444967,2.1556780595369363,89.4913043478261,3.3825000000000003,0.16,600.81
2012-11-01,MA,6.7,249.929,1.9993470187324114,1.7960197033926262,86.53142857142858,3.3519999999999994,0.16,600.81
2012-12-01,MA,6.7,246.456,1.846793422787174,1.7595049796895523,87.8595,3.3449999999999998,0.16,600.81
2013-01-01,MA,6.7,249.957,1.6535782114839526,1.684061762098299,94.75666666666667,3.414,0.14,602.58
2013-02-01,MA,6.8,248.665,1.9745745335246978,2.0181404902574807,95.30894736842104,3.5324999999999998,0.15,602.58
2013-03-01,MA,6.8,250.835,1.4844274697976223,1.5187472411246183,92.9385,3.565,0.14,602.58
2013-04-01,MA,6.8,248.464,1.0632499491559866,1.138808047576867,92.02136363636363,3.4450000000000003,0.15,607.7
2013-05-01,MA,6.8,250.036,1.40075106861004,1.3903888279197085,94.50954545454546,3.536,0.11,607.7
2013-06-01,MA,6.8,248.851,1.4885746795486154,1.7157935271568725,95.77250000000001,4.07,0.09,607.7
2013-07-01,MA,6.7,251.067,1.9246851733069281,1.885471805415806,104.67090909090908,4.37,0.09,614.4
2013-08-01,MA,6.7,249.858,1.4643535890063841,1.538809488600279,106.57272727272726,4.456,0.08,614.4
2013-09-01,MA,6.6,251.918,0.9739947412300332,1.0947341081747997,106.2895,4.49,0.08,614.4
2013-10-01,MA,6.5,249.32,0.7093115315635501,0.8767991434911471,100.53826086956522,4.192,0.09,617.48
2013-11-01,MA,6.4,252.23,0.9206614678568759,1.2328701961954458,93.864,4.255,0.08,617.48
2013-12-01,MA,6.3,249.567,1.262294283766674,1.5128383667573297,97.6252380952381,4.4575,0.09,617.48
2014-01-01,MA,6.2,253.123,1.2666178582716237,1.557758795574915,94.61714285714285,4.432,0.07,621.49
2014-02-01,MA,6.1,251.233,1.0327146964792089,1.1204746347724948,100.81736842105263,4.3025,0.07,621.49
2014-03-01,MA,6.0,254.982,1.6532780513086154,1.6126949139408042,100.80380952380953,4.3425,0.08,621.49
2014-04-01,MA,5.9,252.506,1.6267950286560584,2.015125303606169,102.06904761904761,4.3375,0.09,635.24
2014-05-01,MA,5.9,255.209,2.068902078100754,2.166947687079812,102.17714285714285,4.192,0.09,635.24
2014-06-01,MA,5.8,253.555,1.8902877625567083,2.0589816945944195,105.7942857142857,4.1625,0.1,635.24
2014-07-01,MA,5.7,255.296,1.6844109341331182,1.9742378703305974,103.58863636363638,4.13,0.09,642.34
2014-08-01,MA,5.7,253.185,1.3315563239920225,1.7150983482969062,96.53619047619047,4.115,0.09,642.34
2014-09-01,MA,5.6,255.878,1.5719400757389312,1.6840509711232077,93.21190476190476,4.1625,0.09,642.34
2014-10-01,MA,5.5,252.73,1.3677201989411136,1.6095417021513292,84.39695652173914,4.036,0.09,646.67
2014-11-01,MA,5.4,256.262,1.5985410141537537,1.231524989320798,75.78947368421052,3.9975,0.09,646.67
2014-12-01,MA,5.3,250.519,0.3814606899149364,0.6531213919623191,59.29045454545455,3.864,0.12,646.67
2015-01-01,MA,5.2,254.556,0.5661279298996957,-0.22993097820542818,47.219,3.67,0.11,652.45
2015-02-01,MA,5.1,250.619,-0.2443946456078594,-0.08703146293520536,50.58421052631579,3.71,0.11,652.45
2015-03-01,MA,5.0,257.013,0.7965268136574277,-0.022031284423873476,47.82363636363636,3.77,0.11,652.45
2015-04-01,MA,5.0,251.76,-0.2954385242330937,-0.10403098939391064,54.45285714285714,3.6719999999999997,0.12,660.21
2015-05-01,MA,4.9,256.839,0.6386922091305536,0.03503321824429584,59.265,3.84,0.12,660.21
2015-06-01,MA,4.8,253.626,0.028001814202038844,0.1795718097550525,59.819545454545455,3.9825,0.13,660.21
2015-07-01,MA,4.7,256.999,0.667068814239169,0.22568611104094582,50.90090909090909,4.046,0.13,670.89
2015-08-01,MA,4.7,252.903,-0.11138100598376832,0.2413037985344868,42.86761904761905,3.9050000000000002,0.14,670.89
2015-09-01,MA,4.6,256.643,0.29897060317807256,0.008842961634170088,45.47952380952381,3.89,0.14,670.89
2015-10-01,MA,4.6,252.504,-0.0894234954299078,0.12761656067050708,46.22363636363636,3.7960000000000003,0.12,674.89
2015-11-01,MA,4.5,258.407,0.8370339730431997,0.4363182169185187,42.4435,3.9425,0.12,674.89
2015-12-01,MA,4.5,251.67,0.4594461897101443,0.6387247515364791,37.18863636363636,3.964,0.24,674.89
2016-01-01,MA,4.4,257.215,1.0445638680683045,1.2375025026943876,31.683157894736844,3.8725,0.34,682.02
2016-02-01,MA,4.3,252.25,0.6507886473092528,0.8472775790126619,30.323,3.66,0.38,682.02
2016-03-01,MA,4.2,258.587,0.6124203834047437,0.8916160965521946,37.54636363636364,3.694,0.36,682.02
2016-04-01,MA,4.1,254.27,0.9969812519860177,1.1726257503534843,40.7552380952381,3.605,0.37,691.59
2016-05-01,MA,4.1,260.809,1.5457154092641812,1.0784764621246223,46.712380952380954,3.6,0.37,691.59
2016-06-01,MA,4.0,255.471,0.7274490785645016,1.0792865347959424,48.75727272727273,3.568,0.38,691.59
2016-07-01,MA,3.9,260.8,1.4789940816890335,0.8683633430518256,44.6515,3.44,0.39,704.02
2016-08-01,MA,3.9,255.545,1.0446693000873752,1.0553158595656864,44.72434782608696,3.435,0.4,704.02
2016-09-01,MA,3.8,262.606,2.323460994455351,1.5486446201652182,45.18238095238095,3.46,0.4,704.02
2016-10-01,MA,3.8,256.605,1.6241326870069406,1.685924966243646,49.775238095238095,3.47,0.4,710.4
2016-11-01,MA,3.8,261.675,1.264671622672764,1.6843334719788938,45.66095238095238,3.77,0.41,710.4
2016-12-01,MA,3.9,256.427,1.8901736400842584,2.0507989115119862,51.9704761904762,4.198,0.54,710.4
2017-01-01,MA,3.9,264.865,2.9741655813230405,2.5103933482571117,52.504,4.15,0.65,713.8
2017-02-01,MA,3.9,258.768,2.5839444995044536,2.8103616813294208,53.46842105263158,4.1675,0.66,713.8
2017-03-01,MA,3.9,265.07,2.5070865898131123,2.44119623655914,49.32782608695652,4.196,0.79,713.8
2017-04-01,MA,3.9,259.165,1.9251189680261183,2.176223471915395,51.060526315789474,4.045,0.9,732.41
2017-05-01,MA,3.9,266.256,2.088501547109156,1.8563431667619756,48.47636363636364,4.01,0.91,732.41
2017-06-01,MA,3.8,259.335,1.5125004403630848,1.640565809959127,45.177727272727275,3.904,1.04,732.41
2017-07-01,MA,3.8,266.429,2.1583588957055033,1.7251073506566073,46.630526315789474,3.9675000000000002,1.15,742.98
2017-08-01,MA,3.8,259.508,1.550803185348948,1.92812155729698,48.03695652173913,3.88,1.16,742.98
2017-09-01,MA,3.8,269.757,2.7230908661645348,2.1805652303711787,49.822,3.8049999999999997,1.15,742.98
2017-10-01,MA,3.8,260.58,1.5490734786929083,2.020757753132485,51.57772727272727,3.895,1.15,748.93
2017-11-01,MA,3.8,269.149,2.8562147702302365,2.172493864295566,56.63857142857143,3.9219999999999997,1.16,748.93
2017-12-01,MA,3.7,260.791,1.7018488692688294,2.129930719552253,57.8815,3.95,1.3,748.93
2018-01-01,MA,3.7,272.229,2.7802842957733054,2.151318868063945,63.698571428571434,4.032500000000001,1.41,757.19
2018-02-01,MA,3.6,263.26,1.7359178878377568,2.263468931091861,62.22947368421052,4.33,1.42,757.19
2018-03-01,MA,3.6,274.591,3.5918813898215607,2.3309497646499366,62.724761904761905,4.444,1.51,757.19
2018-04-01,MA,3.6,264.669,2.1237435610518274,2.4709963021052994,66.25380952380952,4.4675,1.69,771.55
2018-05-01,MA,3.5,274.668,3.1593654227510592,2.781921607842497,69.97818181818182,4.586,1.7,771.55
2018-06-01,MA,3.5,265.95,2.550754815200418,2.8075506935940187,67.87333333333333,4.57,1.82,771.55
2018-07-01,MA,3.4,275.402,3.367876620037613,2.854124785561929,70.98142857142857,4.5275,1.91,781.16
2018-08-01,MA,3.4,266.425,2.665428426098626,2.6429238568742575,68.05565217391305,4.55,1.91,781.16
2018-09-01,MA,3.3,278.663,3.3014898593919817,2.332055105808828,70.2321052631579,4.6274999999999995,1.95,781.16
2018-10-01,MA,3.3,266.464,2.2580397574641253,2.492032470218053,70.74869565217391,4.83,2.19,781.92
2018-11-01,MA,3.3,277.632,3.1517858138057298,2.147328577667773,56.963499999999996,4.866,2.2,781.92
2018-12-01,MA,3.3,265.286,1.723602424930304,2.0023809043401064,49.522777777777776,4.6375,2.27,781.92
2019-01-01,MA,3.2,278.976,2.4784280881170018,1.4875893578291333,51.37571428571429,4.464,2.4,791.22
2019-02-01,MA,3.2,266.706,1.3089721188179082,1.5188615351321877,54.95473684210527,4.37,2.4,791.22
2019-03-01,MA,3.1,280.393,2.1129607306867193,1.8831863513063984,58.151428571428575,4.265,2.41,791.22
2019-04-01,MA,3.1,269.07,1.6628316878818383,2.000583470209061,63.862380952380946,4.1425,2.42,803.13
2019-05-01,MA,3.0,280.937,2.2823918330493465,1.7959105553606136,60.82681818181818,4.072,2.39,803.13
2019-06-01,MA,3.0,270.133,1.5728520398571089,1.671194894390049,54.657500000000006,3.8024999999999998,2.38,803.13
2019-07-01,MA,3.0,280.943,2.0119679595645534,1.826331335037068,57.35809523809524,3.765,2.4,812.43
2019-08-01,MA,3.0,270.548,1.54752744674862,1.7376412106666406,54.80590909090909,3.6159999999999997,2.13,812.43
2019-09-01,MA,3.0,281.603,1.0550378055213638,1.6844977040391562,56.947,3.605,2.04,812.43
2019-10-01,MA,3.0,270.348,1.4576077819142608,1.7339736996186295,53.96304347826087,3.6879999999999997,1.83,819.94
2019-11-01,MA,3.0,283.526,2.1229541263255047,2.092290394862917,57.048947368421054,3.6950000000000003,1.55,819.94
2019-12-01,MA,3.0,270.429,1.9386624247038853,2.3195274699624457,59.81666666666667,3.72,1.55,819.94
2020-01-01,MA,3.0,285.181,2.22420566643724,2.599767976845202,57.519047619047626,3.624,1.55,828.45
2020-02-01,MA,3.1,273.08,2.3898974901201964,2.3413166797595197,50.54263157894737,3.4650000000000003,1.58,828.45
2020-03-01,MA,3.1,285.544,1.837064406030109,1.4940399642909163,29.207727272727276,3.45,0.65,828.45
2020-04-01,MA,17.8,271.325,0.8380718772066809,0.3130472940411133,16.547619047619047,3.306,0.05,836.97
2020-05-01,MA,14.3,282.62,0.5990666946682044,0.1982013035848551,28.5625,3.2325,0.05,836.97
2020-06-01,MA,14.7,272.283,0.7959042397633898,0.7166562831830481,38.307272727272725,3.1625,0.08,836.97
2020-07-01,MA,12.5,283.175,0.7944672050914425,0.9968647625897997,40.710454545454546,3.016,0.09,851.85
2020-08-01,MA,10.4,273.597,1.1269719236512543,1.2810698495523853,42.33904761904762,2.935,0.1,851.85
2020-09-01,MA,9.6,283.391,0.6349364175807892,1.3910228912373812,39.63428571428571,2.89,0.09,851.85
2020-10-01,MA,8.4,273.374,1.1192980898693472,1.2303863428671624,39.39590909090909,2.834,0.09,868.88
2020-11-01,MA,7.8,284.622,0.38656066815740964,1.1757452138405844,40.93736842105263,2.765,0.09,868.88
2020-12-01,MA,7.4,274.225,1.4036956095685227,1.3204191315779434,47.025,2.684,0.09,868.88
2021-01-01,MA,6.8,286.615,0.5028385481501418,1.3738437137002402,52.008421052631576,2.735,0.09,887.96
2021-02-01,MA,6.4,276.473,1.242493042331927,1.6698167791706853,59.04631578947369,2.81,0.08,887.96
2021-03-01,MA,6.1,289.24,1.294371445381448,2.6678187820641908,62.333043478260876,3.0825,0.07,887.96
2021-04-01,MA,5.9,280.234,3.2835160785036344,4.133077115360573,61.71666666666666,3.06,0.07,935.46
2021-05-01,MA,5.6,291.667,3.201118109121781,4.918257089467626,65.1695,2.9625,0.06,935.46
2021-06-01,MA,5.5,284.741,4.575386638166901,5.295632620349999,71.37818181818182,2.975,0.08,935.46
2021-07-01,MA,5.3,295.211,4.250375209675994,5.245169381309234,72.4852380952381,2.868,0.1,984.33
2021-08-01,MA,5.0,285.63,4.398074540291019,5.152015301793966,67.73045454545455,2.8425000000000002,0.09,984.33
2021-09-01,MA,4.7,294.784,4.020240586327706,5.351215590949132,71.64619047619047,2.9,0.08,984.33
2021-10-01,MA,4.4,288.236,5.436508226824777,6.235042390298062,81.47666666666666,3.0675,0.08,1006.78
2021-11-01,MA,4.2,299.723,5.305633436628221,6.901970403700863,79.14750000000001,3.0675,0.08,1006.78
2021-12-01,MA,3.9,290.405,5.90026438143858,7.174340285065539,71.71181818181819,3.098,0.08,1006.78
2022-01-01,MA,3.8,304.634,6.286830766010154,7.558805726967832,83.22200000000001,3.4450000000000003,0.08,1032.26
2022-02-01,MA,3.7,294.605,6.558325767796491,7.937278766517819,91.64105263157894,3.7625,0.08,1032.26
2022-03-01,MA,3.6,310.311,7.284953671691308,8.572204966013853,108.50260869565217,4.172,0.2,1032.26
2022-04-01,MA,3.6,300.325,7.169365601604372,8.231750770777225,101.7775,4.9825,0.33,1097.84
2022-05-01,MA,3.6,313.578,7.512334271617971,8.538171195642065,109.55238095238094,5.2299999999999995,0.77,1097.84
2022-06-01,MA,3.6,306.453,7.625175159179753,8.979361103105798,114.83714285714285,5.522,1.21,1097.84
2022-07-01,MA,3.6,315.841,6.988221983598164,8.462576727730099,101.619,5.4125,1.68,1105.93
2022-08-01,MA,3.7,306.855,7.430942127927742,8.222579178218826,93.66521739130435,5.2225,2.33,1105.93
2022-09-01,MA,3.6,318.8,8.14698219713419,8.192106896425821,84.25809523809524,6.112,2.56,1105.93
2022-10-01,MA,3.7,308.001,6.857228104747493,7.758813957693,87.5547619047619,6.9,3.08,1090.96
2022-11-01,MA,3.6,320.702,6.999462837353154,7.122856456533988,84.37047619047618,6.805,3.78,1090.96
2022-12-01,MA,3.6,308.15,6.110431982920406,6.404600402357152,76.43714285714286,6.364,4.1,1090.96
2023-01-01,MA,3.5,324.27,6.445767708134986,6.327178517960097,78.123,6.2725,4.33,1105.8
2023-02-01,MA,3.5,311.986,5.8997640909013604,5.957820738137087,76.83263157894737,6.2575,4.57,1105.8
2023-03-01,MA,3.4,324.859,4.688199902678281,4.917719362889961,73.27782608695652,6.544,4.65,1105.8
2023-04-01,MA,3.3,311.848,3.836843419628755,4.950079879124369,79.44631578947369,6.342499999999999,4.83,1143.79
2023-05-01,MA,3.4,324.927,3.61919522415477,4.131851231385042,71.57818181818182,6.425,5.06,1143.79
2023-06-01,MA,3.3,313.329,2.2437372125578836,3.070617072997095,70.24809523809525,6.714,5.08,1143.79
2023-07-01,MA,3.4,324.746,2.819456625327299,3.287749268428297,76.0695,6.84,5.12,1167.53
2023-08-01,MA,3.4,315.441,2.798064232292119,3.722504803505289,81.38608695652174,7.072,5.33,1167.53
2023-09-01,MA,3.5,327.145,2.617628607277278,3.687206638119256,89.425,7.2,5.33,1167.53
2023-10-01,MA,3.6,316.3,2.69447177119555,3.2512659098611785,85.63952380952381,7.62,5.33,1176.36
2023-11-01,MA,3.6,328.362,2.388510205736183,3.1333462745911866,77.685,7.442,5.33,1176.36
2023-12-01,MA,3.7,316.143,2.5938666233976893,3.3159099427102934,71.9,6.815,5.33,1176.36
2024-01-01,MA,3.7,330.746,1.9971011811145134,3.0883429864855705,74.15238095238095,6.6425,5.33,1193.72
2024-02-01,MA,3.8,319.577,2.4331219990640696,3.157074141648697,77.249,6.776000000000001,5.33,1193.72
2024-03-01,MA,3.8,335.599,3.30604970156283,3.4868349120836584,81.27799999999999,6.82,5.33,1193.72
2024-04-01,MA,3.9,323.035,3.5873245940329923,3.3607951262196734,85.34727272727274,6.9925,5.33,1229.7
2024-05-01,MA,4.0,337.772,3.9531956408670244,3.244278584003113,80.02454545454545,7.06,5.33,1229.7
2024-06-01,MA,4.0,325.271,3.8113293056180497,2.9702579486470926,79.76736842105262,6.9175,5.33,1229.7
2024-07-01,MA,4.1,335.963,3.4540841149698576,2.9414757935583014,81.80045454545454,6.8475,5.33,1239.24
2024-08-01,MA,4.1,326.14,3.3917594732453926,2.607144490692037,76.68318181818182,6.5,5.33,1239.24
2024-09-01,MA,4.1,338.258,3.3969646487031824,2.4264830315416708,70.236,6.18,5.13,1239.24
2024-10-01,MA,4.1,327.421,3.5159658552007533,2.578844053871343,71.985,6.428,4.83,1246.69
2024-11-01,MA,4.1,338.512,3.0911006754740233,2.719472461284833,69.95,6.805,4.64,1246.69
2024-12-01,MA,4.1,327.24,3.510120420189611,2.870690967509981,70.11809523809524,6.715,4.48,1246.69
2025-01-01,MA,4.2,343.486,3.851898435657586,2.9909783078999608,75.74249999999999,6.958,4.33,1259.64
2025-02-01,MA,4.3,332.009,3.890142281828801,2.8015834477613355,71.53315789473685,6.842499999999999,4.33,1259.64
2025-03-01,MA,4.3,343.972,2.494941880041357,2.381981462805549,68.23904761904762,6.65,4.33,1259.64
2025-04-01,MA,4.4,333.065,3.104926710727929,2.32538823025783,63.53666666666667,6.725,4.33,1287.7
2025-05-01,MA,4.4,347.897,2.997584169202905,2.3772651073680873,62.16761904761905,6.816,4.33,1287.7
2025-06-01,MA,4.4,335.078,3.0150243950428868,2.680453865910226,68.16900000000001,6.8175,4.33,1287.7
2025-07-01,MA,4.5,346.856,3.24232132705089,2.742618052167134,68.39090909090909,6.720000000000001,4.33,1293.4
2025-08-01,MA,4.5,336.936,3.3102348684614036,2.9385917430316155,64.86428571428571,6.5875,4.33,1293.4
2025-09-01,MA,4.6,349.271,3.2557988281134653,3.0225715847133294,63.959047619047624,6.3525,4.22,1293.4
2025-11-01,MA,4.7,347.892,2.770950512832626,2.6964439164939513,60.06222222222222,6.2375,3.88,1293.4
2025-12-01,MA,4.7,337.88,3.251436254736584,2.653304114557753,57.972272727272724,6.1899999999999995,3.72,1293.4
2026-01-01,MA,4.7,348.343,1.4140314306842372,2.391201432150014,60.037,6.1025,3.64,1312.72
2026-02-01,MA,4.8,340.945,2.691493302892378,2.4340041103732224,64.50842105263159,6.0475,3.64,1312.72
2026-03-01,MA,4.7,350.705,1.957426767295023,3.2859577528651984,91.38363636363637,6.1775,3.64,1312.72
2026-04-01,MA,4.7,347.585,4.3595094050710825,3.7792458367415627,100.31666666666668,6.332,3.64,1312.72
2000-01-01,OH,4.2,164.5,,,27.259473684210523,8.21,5.45,215.89
2000-02-01,OH,4.1,165.9,,,29.366000000000003,8.325,5.73,215.89
2000-03-01,OH,4.1,166.9,,,29.84173913043478,8.24,5.85,215.89
2000-04-01,OH,4.1,167.0,,,25.722105263157896,8.1525,6.02,218.48
2000-05-01,OH,4.1,166.6,,,28.78818181818182,8.515,6.27,218.48
2000-06-01,OH,4.1,169.7,,,31.82227272727273,8.288,6.53,218.48
2000-07-01,OH,4.1,168.3,,,29.69684210526316,8.1475,6.54,221.17
2000-08-01,OH,4.1,168.2,,,31.26391304347826,8.0275,6.5,221.17
2000-09-01,OH,4.1,170.5,,,33.884,7.912000000000001,6.52,221.17
2000-10-01,OH,4.0,170.1,,,33.108636363636364,7.795,6.51,224.02
2000-11-01,OH,3.9,169.4,,,34.417142857142856,7.745,6.51,224.02
2000-12-01,OH,3.9,170.2,,,28.436500000000002,7.382,6.4,224.02
2001-01-01,OH,3.9,171.3,4.133738601823711,3.7212049616065945,29.585714285714282,7.0325,5.98,228.27
2001-02-01,OH,3.9,172.1,3.73719107896322,3.529411764705892,29.609473684210528,7.05,5.49,228.27
2001-03-01,OH,3.9,172.3,3.2354703415218733,2.9824561403508643,27.244545454545456,6.952,5.31,228.27
2001-04-01,OH,4.0,172.8,3.473053892215572,3.2182562902282053,27.49,7.0775,4.8,230.62
2001-05-01,OH,4.0,173.7,4.261704681872747,3.5630841121495394,28.62909090909091,7.145,4.21,230.62
2001-06-01,OH,4.2,173.8,2.416028285209215,3.193960511033689,27.59904761904762,7.159999999999999,3.97,230.62
2001-07-01,OH,4.3,173.4,3.0303030303030276,2.7214823393167498,26.4247619047619,7.1275,3.77,232.79
2001-08-01,OH,4.5,173.0,2.853745541022601,2.7214823393167498,27.37391304347826,6.95,3.65,232.79
2001-09-01,OH,4.8,174.6,2.404692082111426,2.5921658986175045,26.199473684210528,6.8175,3.07,232.79
2001-10-01,OH,5.0,172.6,1.4697236919459122,2.127659574468077,22.169565217391302,6.6175,2.49,234.7
2001-11-01,OH,5.2,172.3,1.7119244391971655,1.894374282433997,19.634999999999998,6.6579999999999995,2.09,234.7
2001-12-01,OH,5.5,171.9,0.9988249118684012,1.603665521191311,19.388947368421054,7.0649999999999995,1.82,234.7
2002-01-01,OH,5.7,171.4,0.058377116170449384,1.1958997722095743,19.714761904761904,6.9975,1.73,236.67
2002-02-01,OH,5.8,172.5,0.23242300987798004,1.1363636363636465,20.723684210526315,6.8925,1.74,236.67
2002-03-01,OH,5.9,173.7,0.8125362739407782,1.3628620102214661,24.531,7.014,1.73,236.67
2002-04-01,OH,5.9,174.7,1.0995370370370239,1.643990929705219,26.179090909090913,6.985,1.75,238.3
2002-05-01,OH,5.9,173.0,-0.4029936672423684,1.2408347433727984,27.041363636363634,6.806,1.75,238.3
2002-06-01,OH,5.9,175.3,0.8630609896432606,1.0692177827799743,25.5185,6.65,1.75,238.3
2002-07-01,OH,5.8,173.4,0.0,1.465614430665152,26.966190476190473,6.485,1.73,240.67
2002-08-01,OH,5.7,175.8,1.6184971098266,1.747463359639223,28.385,6.29,1.74,240.67
2002-09-01,OH,5.7,174.6,0.0,1.516002245929271,29.6635,6.0925,1.75,240.67
2002-10-01,OH,5.8,176.3,2.1436848203939762,2.0270270270270174,28.836521739130436,6.1125,1.75,242.21
2002-11-01,OH,5.8,173.4,0.6384213580963305,2.2535211267605604,26.352105263157895,6.068,1.34,242.21
2002-12-01,OH,5.9,175.5,2.0942408376963373,2.4802705749718212,29.460952380952378,6.0475,1.24,242.21
2003-01-01,OH,6.1,173.5,1.225204200700114,2.757456387169399,32.94714285714286,5.9159999999999995,1.24,243.99
2003-02-01,OH,6.2,177.8,3.0724637681159406,3.146067415730336,35.828421052631576,5.8425,1.26,243.99
2003-03-01,OH,6.3,175.4,0.9786989061600471,3.025210084033625,33.513333333333335,5.745,1.25,243.99
2003-04-01,OH,6.4,177.8,1.7744705208929679,2.175125488008911,28.170476190476194,5.8125,1.26,245.73
2003-05-01,OH,6.4,175.1,1.2138728323699333,1.8941504178273005,28.108571428571427,5.484,1.26,245.73
2003-06-01,OH,6.4,178.4,1.768397033656588,1.948775055679297,30.66238095238095,5.23,1.22,245.73
2003-07-01,OH,6.4,176.0,1.4994232987312506,2.055555555555544,30.754545454545454,5.6325,1.01,247.74
2003-08-01,OH,6.3,178.8,1.7064846416382284,2.216066481994461,31.573809523809523,6.264,1.03,247.74
2003-09-01,OH,6.2,178.5,2.2336769759450315,2.378318584070782,28.31142857142857,6.1475,1.01,247.74
2003-10-01,OH,6.1,179.1,1.588201928530908,2.041942604856528,30.338260869565215,5.952,1.01,251.14
2003-11-01,OH,6.1,177.6,2.422145328719716,1.9283746556473913,31.108333333333334,5.9325,1.0,251.14
2003-12-01,OH,6.1,178.4,1.652421652421654,2.0352035203520247,32.12904761904762,5.8759999999999994,0.98,251.14
2004-01-01,OH,6.1,178.4,2.824207492795394,2.026286966046009,34.31,5.7125,1.0,252.67
2004-02-01,OH,6.1,180.2,1.3498312710910954,1.688453159041381,34.68473684210526,5.635,1.01,252.67
2004-03-01,OH,6.2,180.0,2.6225769669327326,1.7400761283306032,36.74130434782609,5.445,1.0,252.67
2004-04-01,OH,6.2,181.5,2.08098987626546,2.2925764192139875,36.75,5.83,1.0,254.17
2004-05-01,OH,6.2,181.3,3.5408338092518754,2.8977583378895444,40.275,6.27,1.0,254.17
2004-06-01,OH,6.2,183.3,2.746636771300448,3.1676679410158393,38.025238095238095,6.2875,1.03,254.17
2004-07-01,OH,6.2,181.7,3.238636363636349,2.939575394665228,40.77809523809524,6.056,1.26,257.1
2004-08-01,OH,6.3,183.3,2.5167785234899265,2.5474254742547275,44.90318181818182,5.8675,1.43,257.1
2004-09-01,OH,6.3,183.8,2.9691876750700397,2.5391680172879516,45.93571428571428,5.754,1.61,257.1
2004-10-01,OH,6.3,184.5,3.015075376884435,3.1909140075716547,53.28047619047619,5.7225,1.76,259.76
2004-11-01,OH,6.3,183.2,3.153153153153143,3.621621621621607,48.469,5.73,1.93,259.76
2004-12-01,OH,6.3,183.8,3.0269058295964157,3.3423180592991875,43.14952380952381,5.752,2.16,259.76
2005-01-01,OH,6.3,183.3,2.746636771300448,2.8448738593666034,46.837,5.71,2.28,262.13
2005-02-01,OH,6.2,185.2,2.7746947835738167,3.0530262453133394,48.148947368421055,5.6275,2.5,262.13
2005-03-01,OH,6.1,186.3,3.500000000000014,3.2068412613575736,54.186818181818175,5.928,2.63,262.13
2005-04-01,OH,6.0,187.7,3.4159779614324925,3.3617929562433257,52.97904761904762,5.855,2.79,264.16
2005-05-01,OH,5.9,186.8,3.0336458907887387,2.869287991498415,49.83380952380952,5.72,3.0,264.16
2005-06-01,OH,5.8,187.8,2.454991816693952,2.541026998411855,56.35227272727273,5.582,3.04,264.16
2005-07-01,OH,5.8,187.8,3.3571821684094783,3.067160232681121,58.99550000000001,5.695,3.26,266.68
2005-08-01,OH,5.8,189.7,3.4915439170758233,3.6469344608879517,64.98521739130435,5.82,3.5,266.68
2005-09-01,OH,5.8,191.6,4.243743199129479,4.741833508956805,65.58666666666666,5.774,3.62,266.68
2005-10-01,OH,5.8,192.1,4.119241192411915,4.350104821802936,62.260000000000005,6.065,3.78,266.99
2005-11-01,OH,5.7,189.9,3.657205240174677,3.3385498174230532,58.322500000000005,6.33,4.0,266.99
2005-12-01,OH,5.6,189.7,3.2100108813928108,3.3385498174230532,59.411904761904765,6.272,4.16,266.99
2006-01-01,OH,5.5,190.3,3.8188761593016984,4.018789144050117,65.485,6.145,4.29,266.97
2006-02-01,OH,5.4,190.7,2.969762419006483,3.63825363825363,61.631052631578946,6.2525,4.49,266.97
2006-03-01,OH,5.3,190.7,2.3617820719269877,3.4179181771103018,62.68521739130435,6.324,4.59,266.97
2006-04-01,OH,5.3,193.0,2.823654768247219,3.613835828600931,69.44368421052631,6.5075,4.79,265.86
2006-05-01,OH,5.3,192.4,2.997858672376874,3.9772727272727293,70.84409090909091,6.5975,4.94,265.86
2006-06-01,OH,5.4,194.1,3.3546325878594185,4.1817243159525175,70.9509090909091,6.6819999999999995,4.99,265.86
2006-07-01,OH,5.5,193.1,2.8221512247071256,4.104669061056954,74.41105263157894,6.7625,5.24,265.26
2006-08-01,OH,5.5,195.1,2.8465998945703674,3.926568077511483,73.04304347826087,6.523999999999999,5.25,265.26
2006-09-01,OH,5.5,190.7,-0.46972860125261695,2.012072434607637,63.798,6.4025,5.25,265.26
2006-10-01,OH,5.5,192.3,0.10411244143675447,1.4063284781516971,58.89318181818182,6.3575,5.25,266.34
2006-11-01,OH,5.5,189.4,-0.263296471827279,1.9687026754164672,59.0825,6.24,5.25,266.34
2006-12-01,OH,5.5,192.9,1.6868740115972614,2.5239777889954462,61.959,6.135,5.24,266.34
2007-01-01,OH,5.5,191.61,0.688386757750914,2.075765178123423,54.50619047619048,6.2175,5.25,266.36
2007-02-01,OH,5.5,194.458,1.9706345044572693,2.420260782347028,59.27894736842105,6.285,5.26,266.36
2007-03-01,OH,5.5,194.244,1.858416360776105,2.798197295943927,60.441818181818185,6.156000000000001,5.26,266.36
2007-04-01,OH,5.5,197.405,2.2823834196891157,2.5929247633283525,63.977,6.18,5.25,264.78
2007-05-01,OH,5.5,196.216,1.9833679833679785,2.709885742672613,63.45454545454545,6.2620000000000005,5.25,264.78
2007-06-01,OH,5.6,199.263,2.6599690880989346,2.692765113974227,67.48904761904762,6.657500000000001,5.25,264.78
2007-07-01,OH,5.6,197.01,2.0248575867426233,2.3178905864958077,74.11761904761904,6.695,5.26,261.85
2007-08-01,OH,5.7,198.551,1.7688364941055745,1.897448478900876,72.35608695652174,6.572,5.02,261.85
2007-09-01,OH,5.7,197.0,3.30361824855796,2.8338264299802685,79.91473684210526,6.3825,4.94,261.85
2007-10-01,OH,5.7,199.455,3.720748829953191,3.610698365527476,85.7986956521739,6.375,4.76,261.71
2007-11-01,OH,5.7,197.726,4.395987328405493,4.373267326732666,94.77238095238096,6.208,4.49,261.71
2007-12-01,OH,5.7,200.227,3.7983411093831076,4.108813392417532,91.687,6.095,4.24,261.71
2008-01-01,OH,5.7,199.686,4.214811335525281,4.294695655165981,92.97047619047619,5.758,3.94,262.91
2008-02-01,OH,5.7,201.896,3.824990486377522,4.142959270611968,95.386,5.9175,2.98,262.91
2008-03-01,OH,5.8,202.5,4.250324334342381,3.9749035501344343,105.454,5.97,2.61,262.91
2008-04-01,OH,5.9,205.393,4.046503381373312,3.9037609759888126,112.58045454545454,5.9175,2.28,258.88
2008-05-01,OH,6.1,204.882,4.416561340563452,4.088413823123993,125.39761904761905,6.036,1.98,258.88
2008-06-01,OH,6.4,208.968,4.870447599403804,4.935966105947864,133.88,6.32,2.0,258.88
2008-07-01,OH,6.6,206.941,5.040860870006614,5.497512078341837,133.3709090909091,6.425999999999999,2.01,252.45
2008-08-01,OH,6.8,209.351,5.439408514688937,5.308017162091239,116.66619047619047,6.4775,2.0,252.45
2008-09-01,OH,7.0,206.219,4.679695431472086,4.953319875136075,104.11428571428571,6.0375,1.81,252.45
2008-10-01,OH,7.3,206.019,3.2909678874934123,3.7310578899565128,76.6086956521739,6.2,0.97,252.96
2008-11-01,OH,7.7,198.187,0.2331509260289577,1.0999174706166848,57.30947368421053,6.0875,0.39,252.96
2008-12-01,OH,8.2,199.582,-0.32213437748156437,-0.02222800255385904,41.121818181818185,5.286,0.16,252.96
2009-01-01,OH,8.8,198.232,-0.7281431848001452,-0.11358601902212717,41.71,5.047499999999999,0.15,257.6
2009-02-01,OH,9.4,201.453,-0.21941989935411188,0.008463140671510772,39.08736842105263,5.13,0.22,257.6
2009-03-01,OH,9.9,199.457,-1.502716049382724,-0.4464787676623838,47.939090909090915,5.0025,0.18,257.6
2009-04-01,OH,10.2,202.327,-1.4927480488624245,-0.5763244243767063,49.64666666666666,4.8100000000000005,0.15,251.78
2009-05-01,OH,10.4,200.196,-2.28717017600375,-1.015761495855172,59.028499999999994,4.8575,0.18,251.78
2009-06-01,OH,10.5,205.35,-1.7313655679338402,-1.2291746182109153,69.64090909090909,5.42,0.21,251.78
2009-07-01,OH,10.5,200.558,-3.08445402312737,-1.9587610037622771,64.15227272727272,5.2219999999999995,0.16,246.75
2009-08-01,OH,10.5,205.632,-1.7764424339984042,-1.4838355663267633,71.04476190476191,5.1925,0.16,246.75
2009-09-01,OH,10.5,201.836,-2.125410364709357,-1.377942862886472,69.40809523809523,5.0575,0.15,246.75
2009-10-01,OH,10.6,205.706,-0.1519277348205783,-0.22396829420033848,75.71545454545455,4.952,0.12,246.32
2009-11-01,OH,10.6,201.471,1.6570208944078013,1.9145871744709275,77.99,4.875,0.12,246.32
2009-12-01,OH,10.7,205.613,3.0218155945926917,2.8141231232083674,74.47,4.93,0.12,246.32
2010-01-01,OH,10.8,203.037,2.4239275192703635,2.6211113889767157,78.32578947368421,5.03,0.11,243.58
2010-02-01,OH,10.7,206.563,2.536571805830623,2.151336357866529,76.38736842105263,4.99,0.13,243.58
2010-03-01,OH,10.5,203.577,2.0656081260622683,2.2861714393279886,81.20347826086957,4.9675,0.16,243.58
2010-04-01,OH,10.3,207.777,2.6936592743430188,2.2067707525304403,84.29285714285714,5.098000000000001,0.2,241.72
2010-05-01,OH,10.1,204.024,1.9121261164059211,2.003548929218568,73.7435,4.8875,0.2,241.72
2010-06-01,OH,9.9,207.886,1.2349646944241455,1.1215605940686268,75.3359090909091,4.7375,0.18,241.72
2010-07-01,OH,9.8,203.989,1.7107270714705969,1.3407784804821077,76.31952380952382,4.564,0.18,244.97
2010-08-01,OH,9.7,208.639,1.462321039526926,1.1501775395112546,76.59909090909092,4.4275,0.19,244.97
2010-09-01,OH,9.7,205.492,1.8113716086327392,1.1183122472331775,75.24190476190476,4.346,0.19,244.97
2010-10-01,OH,9.6,208.689,1.4501278523718408,1.1666951489314625,81.89285714285714,4.225,0.19,243.95
2010-11-01,OH,9.5,206.168,2.3313528994247434,1.084544776600338,84.25285714285714,4.3,0.19,243.95
2010-12-01,OH,9.3,209.27,1.778584038946951,1.437793022217937,89.14590909090909,4.714,0.18,243.95
2011-01-01,OH,9.2,207.587,2.2409708575284126,1.7007834915029774,89.1705,4.755,0.17,236.44
2011-02-01,OH,9.0,211.09,2.191583197378044,2.124898173333145,88.57842105263158,4.9525,0.16,236.44
2011-03-01,OH,8.9,209.372,2.8465887600269246,2.619241510354109,102.85652173913043,4.836,0.14,236.44
2011-04-01,OH,8.9,214.535,3.2525255442132694,3.0772344447868694,109.5325,4.84,0.1,232.9
2011-05-01,OH,8.9,212.175,3.9951182213857184,3.4589718808964998,100.90047619047618,4.6375,0.09,232.9
2011-06-01,OH,8.9,215.954,3.8809732257102603,3.5023181506360412,96.26409090909091,4.51,0.09,232.9
2011-07-01,OH,8.9,211.686,3.773242674850108,3.5798809769996165,97.3035,4.545,0.07,235.79
2011-08-01,OH,8.9,216.586,3.8089714770488836,3.75499603070808,86.33304347826088,4.27,0.1,235.79
2011-09-01,OH,8.7,213.004,3.6556167636696335,3.812621692818685,85.51523809523809,4.106,0.08,235.79
2011-10-01,OH,8.5,215.653,3.3370230342758767,3.5222681306640524,86.32238095238095,4.0675,0.07,236.49
2011-11-01,OH,8.3,211.225,2.452853983159353,3.451432214581729,97.16047619047619,3.9925,0.08,236.49
2011-12-01,OH,8.0,215.173,2.820757872604762,3.062066838419386,98.56285714285715,3.9579999999999997,0.07,236.49
2012-01-01,OH,7.8,211.985,2.118629779321446,3.0087663379855023,100.2735,3.915,0.08,233.65
2012-02-01,OH,7.6,216.855,2.7310625799422006,2.8981784423473878,102.204,3.89,0.1,233.65
2012-03-01,OH,7.5,214.743,2.5652904877442984,2.5828752813320977,106.15772727272729,3.9539999999999997,0.13,233.65
2012-04-01,OH,7.4,219.405,2.2700258699046794,2.2731633741348567,103.321,3.91,0.14,232.45
2012-05-01,OH,7.4,214.607,1.1462236361494016,1.7379429374660749,94.65454545454546,3.7979999999999996,0.16,232.45
2012-06-01,OH,7.3,219.017,1.4183576131953979,1.653870448297634,82.30333333333333,3.675,0.16,232.45
2012-07-01,OH,7.3,214.612,1.3822359532515094,1.4175114798464783,87.8952380952381,3.55,0.16,234.69
2012-08-01,OH,7.2,220.462,1.7895893548059316,1.6859349154821235,94.13130434782609,3.6019999999999994,0.13,234.69
2012-09-01,OH,7.2,216.851,1.8060693695893137,1.9497168982819613,94.51368421052632,3.4975,0.14,234.69
2012-10-01,OH,7.3,220.375,2.1896287090835687,2.1556780595369363,89.4913043478261,3.3825000000000003,0.16,234.16
2012-11-01,OH,7.3,214.661,1.6267013847792722,1.7960197033926262,86.53142857142858,3.3519999999999994,0.16,234.16
2012-12-01,OH,7.4,219.033,1.7939053691680584,1.7595049796895523,87.8595,3.3449999999999998,0.16,234.16
2013-01-01,OH,7.5,215.102,1.470387055687894,1.684061762098299,94.75666666666667,3.414,0.14,233.09
2013-02-01,OH,7.5,221.599,2.18763690023287,2.0181404902574807,95.30894736842104,3.5324999999999998,0.15,233.09
2013-03-01,OH,7.5,216.946,1.0258774442007512,1.5187472411246183,92.9385,3.565,0.14,233.09
2013-04-01,OH,7.5,221.931,1.151295549326603,1.138808047576867,92.02136363636363,3.4450000000000003,0.15,233.74
2013-05-01,OH,7.5,217.738,1.4589458871332228,1.3903888279197085,94.50954545454546,3.536,0.11,233.74
2013-06-01,OH,7.5,223.775,2.1724341032888006,1.7157935271568725,95.77250000000001,4.07,0.09,233.74
2013-07-01,OH,7.5,219.251,2.1615753079976985,1.885471805415806,104.67090909090908,4.37,0.09,234.8
2013-08-01,OH,7.5,223.046,1.1720840779817054,1.538809488600279,106.57272727272726,4.456,0.08,234.8
2013-09-01,OH,7.4,218.38,0.7050924367422828,1.0947341081747997,106.2895,4.49,0.08,234.8
2013-10-01,OH,7.2,222.171,0.8149744753261468,0.8767991434911471,100.53826086956522,4.192,0.09,234.53
2013-11-01,OH,7.1,216.772,0.9834110527762396,1.2328701961954458,93.864,4.255,0.08,234.53
2013-12-01,OH,6.9,221.194,0.9866093237092199,1.5128383667573297,97.6252380952381,4.4575,0.09,234.53
2014-01-01,OH,6.6,217.445,1.0892506810722402,1.557758795574915,94.61714285714285,4.432,0.07,234.83
2014-02-01,OH,6.4,223.493,0.8546969977301311,1.1204746347724948,100.81736842105263,4.3025,0.07,234.83
2014-03-01,OH,6.2,220.962,1.851151899551029,1.6126949139408042,100.80380952380953,4.3425,0.08,234.83
2014-04-01,OH,6.1,226.214,1.9298791065691434,2.015125303606169,102.06904761904761,4.3375,0.09,239.97
2014-05-01,OH,6.0,221.413,1.6878082833497121,2.166947687079812,102.17714285714285,4.192,0.09,239.97
2014-06-01,OH,5.8,227.588,1.703943693442067,2.0589816945944195,105.7942857142857,4.1625,0.1,239.97
2014-07-01,OH,5.7,222.41,1.440814409056279,1.9742378703305974,103.58863636363638,4.13,0.09,242.71
2014-08-01,OH,5.6,226.587,1.587564896927085,1.7150983482969062,96.53619047619047,4.115,0.09,242.71
2014-09-01,OH,5.5,221.242,1.310559575052661,1.6840509711232077,93.21190476190476,4.1625,0.09,242.71
2014-10-01,OH,5.4,225.793,1.6302757785669586,1.6095417021513292,84.39695652173914,4.036,0.09,243.69
2014-11-01,OH,5.3,219.992,1.4854316978207605,1.231524989320798,75.78947368421052,3.9975,0.09,243.69
2014-12-01,OH,5.2,222.821,0.7355534056077584,0.6531213919623191,59.29045454545455,3.864,0.12,243.69
2015-01-01,OH,5.2,218.536,0.5017360711904173,-0.22993097820542818,47.219,3.67,0.11,245.07
2015-02-01,OH,5.2,222.301,-0.5333500378087885,-0.08703146293520536,50.58421052631579,3.71,0.11,245.07
2015-03-01,OH,5.1,220.444,-0.23442944940759158,-0.022031284423873476,47.82363636363636,3.77,0.11,245.07
2015-04-01,OH,5.1,223.797,-1.0684573014932752,-0.10403098939391064,54.45285714285714,3.6719999999999997,0.12,249.0
2015-05-01,OH,5.0,221.277,-0.06142367431001272,0.03503321824429584,59.265,3.84,0.12,249.0
2015-06-01,OH,4.9,225.946,-0.7214791641035556,0.1795718097550525,59.819545454545455,3.9825,0.13,249.0
2015-07-01,OH,4.8,223.368,0.43073602805629996,0.22568611104094582,50.90090909090909,4.046,0.13,251.62
2015-08-01,OH,4.8,225.83,-0.33408801034480184,0.2413037985344868,42.86761904761905,3.9050000000000002,0.14,251.62
2015-09-01,OH,4.8,220.304,-0.42397013225335956,0.008842961634170088,45.47952380952381,3.89,0.14,251.62
2015-10-01,OH,4.8,225.05,-0.32906245986368265,0.12761656067050708,46.22363636363636,3.7960000000000003,0.12,252.28
2015-11-01,OH,4.9,219.126,-0.3936506782064697,0.4363182169185187,42.4435,3.9425,0.12,252.28
2015-12-01,OH,4.9,222.722,-0.04443028260352477,0.6387247515364791,37.18863636363636,3.964,0.24,252.28
2016-01-01,OH,5.0,218.845,0.14139546802356406,1.2375025026943876,31.683157894736844,3.8725,0.34,253.31
2016-02-01,OH,5.0,223.196,0.4026072757207677,0.8472775790126619,30.323,3.66,0.38,253.31
2016-03-01,OH,5.0,219.97,-0.21502059479958646,0.8916160965521946,37.54636363636364,3.694,0.36,253.31
2016-04-01,OH,5.0,225.609,0.8096623279132409,1.1726257503534843,40.7552380952381,3.605,0.37,257.79
2016-05-01,OH,5.0,221.926,0.2932975410910421,1.0784764621246223,46.712380952380954,3.6,0.37,257.79
2016-06-01,OH,5.0,227.835,0.8360404698467772,1.0792865347959424,48.75727272727273,3.568,0.38,257.79
2016-07-01,OH,5.0,222.01,-0.607965330754634,0.8683633430518256,44.6515,3.44,0.39,262.97
2016-08-01,OH,5.0,227.097,0.5610414913873152,1.0553158595656864,44.72434782608696,3.435,0.4,262.97
2016-09-01,OH,5.1,220.963,0.29913210835934567,1.5486446201652182,45.18238095238095,3.46,0.4,262.97
2016-10-01,OH,5.2,227.358,1.025549877804921,1.685924966243646,49.775238095238095,3.47,0.4,262.65
2016-11-01,OH,5.2,220.777,0.7534477880306145,1.6843334719788938,45.66095238095238,3.77,0.41,262.65
2016-12-01,OH,5.2,226.794,1.8282881798834527,2.0507989115119862,51.9704761904762,4.198,0.54,262.65
2017-01-01,OH,5.2,222.241,1.5517832255706132,2.5103933482571117,52.504,4.15,0.65,263.7
2017-02-01,OH,5.1,228.633,2.4359755551174755,2.8103616813294208,53.46842105263158,4.1675,0.66,263.7
2017-03-01,OH,5.1,222.849,1.3088148383870513,2.44119623655914,49.32782608695652,4.196,0.79,263.7
2017-04-01,OH,5.0,229.682,1.805335780044226,2.176223471915395,51.060526315789474,4.045,0.9,271.25
2017-05-01,OH,5.0,223.089,0.5240485567261199,1.8563431667619756,48.47636363636364,4.01,0.91,271.25
2017-06-01,OH,5.0,229.78,0.8536879759474925,1.640565809959127,45.177727272727275,3.904,1.04,271.25
2017-07-01,OH,4.9,223.529,0.6842034142606312,1.7251073506566073,46.630526315789474,3.9675000000000002,1.15,274.74
2017-08-01,OH,4.9,230.443,1.4733792168104332,1.92812155729698,48.03695652173913,3.88,1.16,274.74
2017-09-01,OH,4.9,224.879,1.7722424116254798,2.1805652303711787,49.822,3.8049999999999997,1.15,274.74
2017-10-01,OH,4.8,230.66,1.4523350838765214,2.020757753132485,51.57772727272727,3.895,1.15,275.57
2017-11-01,OH,4.7,224.39,1.6364929317818522,2.172493864295566,56.63857142857143,3.9219999999999997,1.16,275.57
2017-12-01,OH,4.6,230.548,1.655246611462391,2.129930719552253,57.8815,3.95,1.3,275.57
2018-01-01,OH,4.6,232.028,1.6422886029814343,2.151318868063945,63.698571428571434,4.032500000000001,1.41,279.34
2018-02-01,OH,4.5,232.512,1.6966054768996486,2.263468931091861,62.22947368421052,4.33,1.42,279.34
2018-03-01,OH,4.5,232.931,1.7948292137188293,2.3309497646499366,62.724761904761905,4.444,1.51,279.34
2018-04-01,OH,4.5,233.913,1.8421121376511973,2.4709963021052994,66.25380952380952,4.4675,1.69,285.14
2018-05-01,OH,4.5,235.065,2.3334276572124946,2.781921607842497,69.97818181818182,4.586,1.7,285.14
2018-06-01,OH,4.4,235.455,2.469753677430586,2.8075506935940187,67.87333333333333,4.57,1.82,285.14
2018-07-01,OH,4.4,235.346,2.4044904708032444,2.854124785561929,70.98142857142857,4.5275,1.91,289.49
2018-08-01,OH,4.4,235.276,2.0972648333861255,2.6429238568742575,68.05565217391305,4.55,1.91,289.49
2018-09-01,OH,4.4,235.524,1.9452019218283434,2.332055105808828,70.2321052631579,4.6274999999999995,1.95,289.49
2018-10-01,OH,4.5,235.68,2.1763634787132613,2.492032470218053,70.74869565217391,4.83,2.19,290.02
2018-11-01,OH,4.5,234.292,1.3882397742812191,2.147328577667773,56.963499999999996,4.866,2.2,290.02
2018-12-01,OH,4.5,233.458,1.2622100386904256,2.0023809043401064,49.522777777777776,4.6375,2.27,290.02
2019-01-01,OH,4.4,233.837,0.7796472839484814,1.4875893578291333,51.37571428571429,4.464,2.4,293.34
2019-02-01,OH,4.2,235.444,1.2610101844205746,1.5188615351321877,54.95473684210527,4.37,2.4,293.34
2019-03-01,OH,4.0,236.793,1.6580017258329693,1.8831863513063984,58.151428571428575,4.265,2.41,293.34
2019-04-01,OH,3.9,237.51,1.5377512151953932,2.000583470209061,63.862380952380946,4.1425,2.42,299.64
2019-05-01,OH,3.9,238.219,1.3417565354263639,1.7959105553606136,60.82681818181818,4.072,2.39,299.64
2019-06-01,OH,3.9,238.288,1.2032023104202594,1.671194894390049,54.657500000000006,3.8024999999999998,2.38,299.64
2019-07-01,OH,4.0,238.76,1.4506301360549978,1.826331335037068,57.35809523809524,3.765,2.4,304.11
2019-08-01,OH,4.1,238.786,1.4918648735952722,1.7376412106666406,54.80590909090909,3.6159999999999997,2.13,304.11
2019-09-01,OH,4.2,238.847,1.4108965540666762,1.6844977040391562,56.947,3.605,2.04,304.11
2019-10-01,OH,4.3,239.243,1.5117956551255807,1.7339736996186295,53.96304347826087,3.6879999999999997,1.83,306.92
2019-11-01,OH,4.3,238.85,1.9454356102641013,2.092290394862917,57.048947368421054,3.6950000000000003,1.55,306.92
2019-12-01,OH,4.3,238.734,2.25993540594025,2.3195274699624457,59.81666666666667,3.72,1.55,306.92
2020-01-01,OH,4.4,239.69,2.5030256118578453,2.599767976845202,57.519047619047626,3.624,1.55,311.29
2020-02-01,OH,4.5,240.421,2.1138784594213478,2.3413166797595197,50.54263157894737,3.4650000000000003,1.58,311.29
2020-03-01,OH,4.8,239.163,1.0008741812469246,1.4940399642909163,29.207727272727276,3.45,0.65,311.29
2020-04-01,OH,16.5,236.474,-0.43619216033009556,0.3130472940411133,16.547619047619047,3.306,0.05,314.43
2020-05-01,OH,12.8,237.291,-0.38955750800733213,0.1982013035848551,28.5625,3.2325,0.05,314.43
2020-06-01,OH,11.0,239.259,0.40749009601825925,0.7166562831830481,38.307272727272725,3.1625,0.08,314.43
2020-07-01,OH,9.8,240.43,0.6994471435751493,0.9968647625897997,40.710454545454546,3.016,0.09,321.83
2020-08-01,OH,8.3,241.362,1.0787902138316374,1.2810698495523853,42.33904761904762,2.935,0.1,321.83
2020-09-01,OH,7.6,241.878,1.2690132176665259,1.3910228912373812,39.63428571428571,2.89,0.09,321.83
2020-10-01,OH,6.7,241.74,1.0437086978511534,1.2303863428671624,39.39590909090909,2.834,0.09,329.44
2020-11-01,OH,6.4,241.316,1.0324471425581017,1.1757452138405844,40.93736842105263,2.765,0.09,329.44
2020-12-01,OH,6.3,241.453,1.1389244933691867,1.3204191315779434,47.025,2.684,0.09,329.44
2021-01-01,OH,6.1,242.552,1.1940423046435056,1.3738437137002402,52.008421052631576,2.735,0.09,335.66
2021-02-01,OH,6.0,244.477,1.6870406495272938,1.6698167791706853,59.04631578947369,2.81,0.08,335.66
2021-03-01,OH,6.0,246.246,2.961578505036311,2.6678187820641908,62.333043478260876,3.0825,0.07,335.66
2021-04-01,OH,5.9,248.169,4.945575412096059,4.133077115360573,61.71666666666666,3.06,0.07,352.67
2021-05-01,OH,5.7,250.582,5.6011395291013955,4.918257089467626,65.1695,2.9625,0.06,352.67
2021-06-01,OH,5.5,253.042,5.760702836674914,5.295632620349999,71.37818181818182,2.975,0.08,352.67
2021-07-01,OH,5.3,254.671,5.923137711600046,5.245169381309234,72.4852380952381,2.868,0.1,370.59
2021-08-01,OH,5.0,255.142,5.709266578831795,5.152015301793966,67.73045454545455,2.8425000000000002,0.09,370.59
2021-09-01,OH,4.7,255.709,5.718171970993646,5.351215590949132,71.64619047619047,2.9,0.08,370.59
2021-10-01,OH,4.5,257.793,6.6406056093323285,6.235042390298062,81.47666666666666,3.0675,0.08,379.16
2021-11-01,OH,4.3,258.911,7.2912695386961435,6.901970403700863,79.14750000000001,3.0675,0.08,379.16
2021-12-01,OH,4.1,259.609,7.519475840018552,7.174340285065539,71.71181818181819,3.098,0.08,379.16
2022-01-01,OH,4.0,261.657,7.876661499389814,7.558805726967832,83.22200000000001,3.4450000000000003,0.08,390.73
2022-02-01,OH,3.9,263.988,7.980709841825617,7.937278766517819,91.64105263157894,3.7625,0.08,390.73
2022-03-01,OH,3.9,267.312,8.55485977437198,8.572204966013853,108.50260869565217,4.172,0.2,390.73
2022-04-01,OH,3.8,268.639,8.24841136483605,8.231750770777225,101.7775,4.9825,0.33,415.82
2022-05-01,OH,3.9,272.673,8.815876639183973,8.538171195642065,109.55238095238094,5.2299999999999995,0.77,415.82
2022-06-01,OH,3.9,277.072,9.4964472301041,8.979361103105798,114.83714285714285,5.522,1.21,415.82
2022-07-01,OH,4.0,276.525,8.581267596231989,8.462576727730099,101.619,5.4125,1.68,421.6
2022-08-01,OH,4.1,275.875,8.126063133470772,8.222579178218826,93.66521739130435,5.2225,2.33,421.6
2022-09-01,OH,4.1,276.549,8.149889131786514,8.192106896425821,84.25809523809524,6.112,2.56,421.6
2022-10-01,OH,4.1,276.908,7.41486386364254,7.758813957693,87.5547619047619,6.9,3.08,416.67
2022-11-01,OH,4.0,276.436,6.768735202444076,7.122856456533988,84.37047619047618,6.805,3.78,416.67
2022-12-01,OH,3.9,275.182,5.998636410910274,6.404600402357152,76.43714285714286,6.364,4.1,416.67
2023-01-01,OH,3.8,277.332,5.990667171143915,6.327178517960097,78.123,6.2725,4.33,423.02
2023-02-01,OH,3.6,278.672,5.562374047305196,5.957820738137087,76.83263157894737,6.2575,4.57,423.02
2023-03-01,OH,3.5,280.33,4.86996468546117,4.917719362889961,73.27782608695652,6.544,4.65,423.02
2023-04-01,OH,3.5,281.927,4.946415077483168,4.950079879124369,79.44631578947369,6.342499999999999,4.83,442.04
2023-05-01,OH,3.4,282.656,3.661161904552346,4.131851231385042,71.57818181818182,6.425,5.06,442.04
2023-06-01,OH,3.5,283.741,2.4069555927701103,3.070617072997095,70.24809523809525,6.714,5.08,442.04
2023-07-01,OH,3.6,284.64,2.934635204773528,3.287749268428297,76.0695,6.84,5.12,449.7
2023-08-01,OH,3.7,285.122,3.351880380607164,3.722504803505289,81.38608695652174,7.072,5.33,449.7
2023-09-01,OH,3.8,285.276,3.1556794636755203,3.687206638119256,89.425,7.2,5.33,449.7
2023-10-01,OH,3.8,284.981,2.9154087278085106,3.2512659098611785,85.63952380952381,7.62,5.33,451.46
2023-11-01,OH,3.9,284.539,2.9312390571416103,3.1333462745911866,77.685,7.442,5.33,451.46
2023-12-01,OH,3.9,283.908,3.1709922887398045,3.3159099427102934,71.9,6.815,5.33,451.46
2024-01-01,OH,3.9,284.731,2.667921480391744,3.0883429864855705,74.15238095238095,6.6425,5.33,456.94
2024-02-01,OH,4.0,286.346,2.7537750473675127,3.157074141648697,77.249,6.776000000000001,5.33,456.94
2024-03-01,OH,4.1,288.301,2.843434523597188,3.4868349120836584,81.27799999999999,6.82,5.33,456.94
2024-04-01,OH,4.2,289.718,2.7634813267264136,3.3607951262196734,85.34727272727274,6.9925,5.33,475.17
2024-05-01,OH,4.3,290.355,2.7238056153062518,3.244278584003113,80.02454545454545,7.06,5.33,475.17
2024-06-01,OH,4.3,290.779,2.480431097374014,2.9702579486470926,79.76736842105262,6.9175,5.33,475.17
2024-07-01,OH,4.4,292.256,2.6756604834176523,2.9414757935583014,81.80045454545454,6.8475,5.33,480.35
2024-08-01,OH,4.4,292.559,2.6083571243187276,2.607144490692037,76.68318181818182,6.5,5.33,480.35
2024-09-01,OH,4.5,292.547,2.5487597975294207,2.4264830315416708,70.236,6.18,5.13,480.35
2024-10-01,OH,4.6,292.291,2.5650832862541773,2.578844053871343,71.985,6.428,4.83,484.2
2024-11-01,OH,4.7,292.022,2.62986796186111,2.719472461284833,69.95,6.805,4.64,484.2
2024-12-01,OH,4.8,292.533,3.0379559575637094,2.870690967509981,70.11809523809524,6.715,4.48,484.2
2025-01-01,OH,4.8,294.404,3.3972416069904643,2.9909783078999608,75.74249999999999,6.958,4.33,490.27
2025-02-01,OH,4.9,295.232,3.103238739147751,2.8015834477613355,71.53315789473685,6.842499999999999,4.33,490.27
2025-03-01,OH,4.8,296.227,2.7492100270203768,2.381981462805549,68.23904761904762,6.65,4.33,490.27
2025-04-01,OH,4.8,296.688,2.4057876970019043,2.32538823025783,63.53666666666667,6.725,4.33,501.41
2025-05-01,OH,4.7,297.342,2.4063646226171187,2.3772651073680873,62.16761904761905,6.816,4.33,501.41
2025-06-01,OH,4.6,299.529,3.0091581579137383,2.680453865910226,68.16900000000001,6.8175,4.33,501.41
2025-07-01,OH,4.5,299.836,2.5936165553487545,2.742618052167134,68.39090909090909,6.720000000000001,4.33,505.91
2025-08-01,OH,4.4,300.753,2.8008025731561803,2.9385917430316155,64.86428571428571,6.5875,4.33,505.91
2025-09-01,OH,4.3,301.579,3.087367158097676,3.0225715847133294,63.959047619047624,6.3525,4.22,505.91
2025-11-01,OH,4.3,300.771,2.9960071501462293,2.6964439164939513,60.06222222222222,6.2375,3.88,505.91
2025-12-01,OH,4.4,300.404,2.6906366119378022,2.653304114557753,57.972272727272724,6.1899999999999995,3.72,505.91
2026-01-01,OH,4.3,301.591,2.4412032445211285,2.391201432150014,60.037,6.1025,3.64,513.93
2026-02-01,OH,4.2,303.49,2.797122263169305,2.4340041103732224,64.50842105263159,6.0475,3.64,513.93
2026-03-01,OH,4.1,306.366,3.422712986999832,3.2859577528651984,91.38363636363637,6.1775,3.64,513.93
2026-04-01,OH,3.9,308.889,4.112400906002267,3.7792458367415627,100.31666666666668,6.332,3.64,513.93
2000-01-01,TX,4.7,164.1,,,27.259473684210523,8.21,5.45,159.01
2000-02-01,TX,4.7,152.1,,,29.366000000000003,8.325,5.73,159.01
2000-03-01,TX,4.6,166.5,,,29.84173913043478,8.24,5.85,159.01
2000-04-01,TX,4.5,152.8,,,25.722105263157896,8.1525,6.02,161.66
2000-05-01,TX,4.4,166.7,,,28.78818181818182,8.515,6.27,161.66
2000-06-01,TX,4.4,154.1,,,31.82227272727273,8.288,6.53,161.66
2000-07-01,TX,4.3,168.0,,,29.69684210526316,8.1475,6.54,164.1
2000-08-01,TX,4.3,154.4,,,31.26391304347826,8.0275,6.5,164.1
2000-09-01,TX,4.2,168.5,,,33.884,7.912000000000001,6.52,164.1
2000-10-01,TX,4.1,157.1,,,33.108636363636364,7.795,6.51,165.98
2000-11-01,TX,4.1,168.6,,,34.417142857142856,7.745,6.51,165.98
2000-12-01,TX,4.1,156.2,,,28.436500000000002,7.382,6.4,165.98
2001-01-01,TX,4.1,169.3,3.168799512492404,3.7212049616065945,29.585714285714282,7.0325,5.98,170.7
2001-02-01,TX,4.2,158.6,4.2735042735042805,3.529411764705892,29.609473684210528,7.05,5.49,170.7
2001-03-01,TX,4.3,170.6,2.462462462462467,2.9824561403508643,27.244545454545456,6.952,5.31,170.7
2001-04-01,TX,4.5,159.5,4.384816753926701,3.2182562902282053,27.49,7.0775,4.8,172.93
2001-05-01,TX,4.6,171.7,2.9994001199760145,3.5630841121495394,28.62909090909091,7.145,4.21,172.93
2001-06-01,TX,4.8,159.6,3.5691109669045984,3.193960511033689,27.59904761904762,7.159999999999999,3.97,172.93
2001-07-01,TX,5.0,171.6,2.1428571428571352,2.7214823393167498,26.4247619047619,7.1275,3.77,174.23
2001-08-01,TX,5.2,158.6,2.720207253885998,2.7214823393167498,27.37391304347826,6.95,3.65,174.23
2001-09-01,TX,5.4,172.2,2.1958456973293794,2.5921658986175045,26.199473684210528,6.8175,3.07,174.23
2001-10-01,TX,5.6,159.4,1.4640356460853043,2.127659574468077,22.169565217391302,6.6175,2.49,176.18
2001-11-01,TX,5.8,171.0,1.4234875444839812,1.894374282433997,19.634999999999998,6.6579999999999995,2.09,176.18
2001-12-01,TX,6.0,157.1,0.5761843790012877,1.603665521191311,19.388947368421054,7.0649999999999995,1.82,176.18
2002-01-01,TX,6.1,170.6,0.7678676904902426,1.1958997722095743,19.714761904761904,6.9975,1.73,176.69
2002-02-01,TX,6.2,156.6,-1.261034047919296,1.1363636363636465,20.723684210526315,6.8925,1.74,176.69
2002-03-01,TX,6.3,172.1,0.8792497069167737,1.3628620102214661,24.531,7.014,1.73,176.69
2002-04-01,TX,6.3,158.8,-0.4388714733542298,1.643990929705219,26.179090909090913,6.985,1.75,178.19
2002-05-01,TX,6.4,173.2,0.873616773442043,1.2408347433727984,27.041363636363634,6.806,1.75,178.19
2002-06-01,TX,6.4,158.3,-0.8145363408521233,1.0692177827799743,25.5185,6.65,1.75,178.19
2002-07-01,TX,6.4,173.6,1.1655011655011593,1.465614430665152,26.966190476190473,6.485,1.73,180.97
2002-08-01,TX,6.4,160.1,0.9457755359394637,1.747463359639223,28.385,6.29,1.74,180.97
2002-09-01,TX,6.4,174.2,1.1614401858304202,1.516002245929271,29.6635,6.0925,1.75,180.97
2002-10-01,TX,6.4,162.6,2.0075282308657405,2.0270270270270174,28.836521739130436,6.1125,1.75,182.87
2002-11-01,TX,6.5,174.9,2.280701754385972,2.2535211267605604,26.352105263157895,6.068,1.34,182.87
2002-12-01,TX,6.6,159.8,1.7186505410566655,2.4802705749718212,29.460952380952378,6.0475,1.24,182.87
2003-01-01,TX,6.7,175.1,2.637749120750299,2.757456387169399,32.94714285714286,5.9159999999999995,1.24,183.73
2003-02-01,TX,6.8,164.0,4.725415070242667,3.146067415730336,35.828421052631576,5.8425,1.26,183.73
2003-03-01,TX,6.8,177.5,3.1377106333527083,3.025210084033625,33.513333333333335,5.745,1.25,183.73
2003-04-01,TX,6.9,162.5,2.329974811083124,2.175125488008911,28.170476190476194,5.8125,1.26,184.91
2003-05-01,TX,6.9,176.8,2.0785219399538146,1.8941504178273005,28.108571428571427,5.484,1.26,184.91
2003-06-01,TX,7.0,162.5,2.653190145293749,1.948775055679297,30.66238095238095,5.23,1.22,184.91
2003-07-01,TX,6.9,177.3,2.13133640552996,2.055555555555544,30.754545454545454,5.6325,1.01,185.51
2003-08-01,TX,6.9,164.1,2.4984384759525247,2.216066481994461,31.573809523809523,6.264,1.03,185.51
2003-09-01,TX,6.7,178.3,2.3536165327210146,2.378318584070782,28.31142857142857,6.1475,1.01,185.51
2003-10-01,TX,6.6,166.1,2.1525215252152563,2.041942604856528,30.338260869565215,5.952,1.01,186.64
2003-11-01,TX,6.5,177.5,1.4865637507146978,1.9283746556473913,31.108333333333334,5.9325,1.0,186.64
2003-12-01,TX,6.4,164.1,2.690863579474323,2.0352035203520247,32.12904761904762,5.8759999999999994,0.98,186.64
2004-01-01,TX,6.3,178.2,1.7704169046259155,2.026286966046009,34.31,5.7125,1.0,187.52
2004-02-01,TX,6.2,168.5,2.7439024390243816,1.688453159041381,34.68473684210526,5.635,1.01,187.52
2004-03-01,TX,6.2,180.1,1.4647887323943731,1.7400761283306032,36.74130434782609,5.445,1.0,187.52
2004-04-01,TX,6.2,169.7,4.430769230769216,2.2925764192139875,36.75,5.83,1.0,189.43
2004-05-01,TX,6.1,182.0,2.941176470588225,2.8977583378895444,40.275,6.27,1.0,189.43
2004-06-01,TX,6.0,169.3,4.184615384615387,3.1676679410158393,38.025238095238095,6.2875,1.03,189.43
2004-07-01,TX,5.9,182.6,2.989283699943579,2.939575394665228,40.77809523809524,6.056,1.26,190.97
2004-08-01,TX,5.9,169.1,3.0469226081657474,2.5474254742547275,44.90318181818182,5.8675,1.43,190.97
2004-09-01,TX,5.9,182.8,2.5238362310712192,2.5391680172879516,45.93571428571428,5.754,1.61,190.97
2004-10-01,TX,5.9,171.8,3.4316676700782756,3.1909140075716547,53.28047619047619,5.7225,1.76,193.16
2004-11-01,TX,5.9,183.7,3.492957746478864,3.621621621621607,48.469,5.73,1.93,193.16
2004-12-01,TX,5.8,170.0,3.595368677635591,3.3423180592991875,43.14952380952381,5.752,2.16,193.16
2005-01-01,TX,5.8,183.6,3.0303030303030276,2.8448738593666034,46.837,5.71,2.28,194.18
2005-02-01,TX,5.7,174.6,3.6201780415430207,3.0530262453133394,48.148947368421055,5.6275,2.5,194.18
2005-03-01,TX,5.6,185.9,3.2204330927262603,3.2068412613575736,54.186818181818175,5.928,2.63,194.18
2005-04-01,TX,5.5,175.0,3.123158515026514,3.3617929562433257,52.97904761904762,5.855,2.79,197.34
2005-05-01,TX,5.4,187.3,2.912087912087924,2.869287991498415,49.83380952380952,5.72,3.0,197.34
2005-06-01,TX,5.3,174.2,2.8942705256940204,2.541026998411855,56.35227272727273,5.582,3.04,197.34
2005-07-01,TX,5.3,188.5,3.2311062431544357,3.067160232681121,58.99550000000001,5.695,3.26,200.5
2005-08-01,TX,5.4,175.5,3.784742755765813,3.6469344608879517,64.98521739130435,5.82,3.5,200.5
2005-09-01,TX,5.4,192.0,5.032822757111588,4.741833508956805,65.58666666666666,5.774,3.62,200.5
2005-10-01,TX,5.5,179.2,4.307334109429561,4.350104821802936,62.260000000000005,6.065,3.78,202.86
2005-11-01,TX,5.4,190.7,3.8105606967882455,3.3385498174230532,58.322500000000005,6.33,4.0,202.86
2005-12-01,TX,5.4,177.2,4.235294117647048,3.3385498174230532,59.411904761904765,6.272,4.16,202.86
2006-01-01,TX,5.3,191.5,4.302832244008714,4.018789144050117,65.485,6.145,4.29,205.19
2006-02-01,TX,5.2,178.6,2.290950744558984,3.63825363825363,61.631052631578946,6.2525,4.49,205.19
2006-03-01,TX,5.2,192.8,3.711672942442168,3.4179181771103018,62.68521739130435,6.324,4.59,205.19
2006-04-01,TX,5.2,181.2,3.5428571428571365,3.613835828600931,69.44368421052631,6.5075,4.79,208.51
2006-05-01,TX,5.2,195.5,4.378003203416969,3.9772727272727293,70.84409090909091,6.5975,4.94,208.51
2006-06-01,TX,5.1,182.4,4.707233065442029,4.1817243159525175,70.9509090909091,6.6819999999999995,4.99,208.51
2006-07-01,TX,5.0,197.0,4.509283819628651,4.104669061056954,74.41105263157894,6.7625,5.24,211.58
2006-08-01,TX,4.9,182.5,3.9886039886039892,3.926568077511483,73.04304347826087,6.523999999999999,5.25,211.58
2006-09-01,TX,4.8,195.8,1.9791666666666652,2.012072434607637,63.798,6.4025,5.25,211.58
2006-10-01,TX,4.7,180.4,0.6696428571428603,1.4063284781516971,58.89318181818182,6.3575,5.25,214.49
2006-11-01,TX,4.6,194.3,1.8877818563188375,1.9687026754164672,59.0825,6.24,5.25,214.49
2006-12-01,TX,4.5,179.2,1.1286681715575675,2.5239777889954462,61.959,6.135,5.24,214.49
2007-01-01,TX,4.4,195.021,1.838642297650117,2.075765178123423,54.50619047619048,6.2175,5.25,217.22
2007-02-01,TX,4.4,181.217,1.465285554311313,2.420260782347028,59.27894736842105,6.285,5.26,217.22
2007-03-01,TX,4.4,197.904,2.647302904564297,2.798197295943927,60.441818181818185,6.156000000000001,5.26,217.22
2007-04-01,TX,4.3,184.14,1.622516556291398,2.5929247633283525,63.977,6.18,5.25,220.89
2007-05-01,TX,4.3,200.804,2.713043478260868,2.709885742672613,63.45454545454545,6.2620000000000005,5.25,220.89
2007-06-01,TX,4.3,184.529,1.1672149122806896,2.692765113974227,67.48904761904762,6.657500000000001,5.25,220.89
2007-07-01,TX,4.3,201.571,2.32030456852792,2.3178905864958077,74.11761904761904,6.695,5.26,221.66
2007-08-01,TX,4.3,183.74,0.679452054794516,1.897448478900876,72.35608695652174,6.572,5.02,221.66
2007-09-01,TX,4.3,201.697,3.0117466802860093,2.8338264299802685,79.91473684210526,6.3825,4.94,221.66
2007-10-01,TX,4.4,184.922,2.5066518847006503,3.610698365527476,85.7986956521739,6.375,4.76,223.35
2007-11-01,TX,4.4,203.437,4.702521873391663,4.373267326732666,94.77238095238096,6.208,4.49,223.35
2007-12-01,TX,4.3,186.246,3.9319196428571512,4.108813392417532,91.687,6.095,4.24,223.35
2008-01-01,TX,4.3,204.51,4.865629855246367,4.294695655165981,92.97047619047619,5.758,3.94,224.54
2008-02-01,TX,4.3,187.585,3.5140191041679314,4.142959270611968,95.386,5.9175,2.98,224.54
2008-03-01,TX,4.3,206.676,4.432452097986905,3.9749035501344343,105.454,5.97,2.61,224.54
2008-04-01,TX,4.4,188.795,2.527967850548496,3.9037609759888126,112.58045454545454,5.9175,2.28,225.16
2008-05-01,TX,4.5,210.006,4.582578036294094,4.088413823123993,125.39761904761905,6.036,1.98,225.16
2008-06-01,TX,4.7,193.567,4.897875130738272,4.935966105947864,133.88,6.32,2.0,225.16
2008-07-01,TX,4.8,213.304,5.820777790455978,5.497512078341837,133.3709090909091,6.425999999999999,2.01,224.47
2008-08-01,TX,5.0,192.723,4.888973549580933,5.308017162091239,116.66619047619047,6.4775,2.0,224.47
2008-09-01,TX,5.2,212.65,5.430422862015805,4.953319875136075,104.11428571428571,6.0375,1.81,224.47
2008-10-01,TX,5.4,191.14,3.362498783270773,3.7310578899565128,76.6086956521739,6.2,0.97,224.84
2008-11-01,TX,5.6,205.559,1.0430747602451884,1.0999174706166848,57.30947368421053,6.0875,0.39,224.84
2008-12-01,TX,5.9,185.93,-0.16966807340829115,-0.02222800255385904,41.121818181818185,5.286,0.16,224.84
2009-01-01,TX,6.1,204.288,-0.10855214903915389,-0.11358601902212717,41.71,5.047499999999999,0.15,227.48
2009-02-01,TX,6.3,187.972,0.20630647439827676,0.008463140671510772,39.08736842105263,5.13,0.22,227.48
2009-03-01,TX,6.4,206.001,-0.32659815363176303,-0.4464787676623838,47.939090909090915,5.0025,0.18,227.48
2009-04-01,TX,6.5,189.701,0.479885590190432,-0.5763244243767063,49.64666666666666,4.8100000000000005,0.15,226.02
2009-05-01,TX,7.6,207.265,-1.3052008037865659,-1.015761495855172,59.028499999999994,4.8575,0.18,226.02
2009-06-01,TX,8.1,192.325,-0.6416382957838973,-1.2291746182109153,69.64090909090909,5.42,0.21,226.02
2009-07-01,TX,8.3,208.819,-2.1026328620185386,-1.9587610037622771,64.15227272727272,5.2219999999999995,0.16,223.8
2009-08-01,TX,8.3,191.687,-0.5375590873948677,-1.4838355663267633,71.04476190476191,5.1925,0.16,223.8
2009-09-01,TX,8.4,208.912,-1.7578180108158925,-1.377942862886472,69.40809523809523,5.0575,0.15,223.8
2009-10-01,TX,8.4,191.608,0.24484670921838259,-0.22396829420033848,75.71545454545455,4.952,0.12,223.18
2009-11-01,TX,8.3,209.738,2.0329929606585084,1.9145871744709275,77.99,4.875,0.12,223.18
2009-12-01,TX,8.4,190.932,2.6902597751842006,2.8141231232083674,74.47,4.93,0.12,223.18
2010-01-01,TX,8.4,210.056,2.823464912280693,2.6211113889767157,78.32578947368421,5.03,0.11,221.83
2010-02-01,TX,8.4,192.412,2.3620539229247006,2.151336357866529,76.38736842105263,4.99,0.13,221.83
2010-03-01,TX,8.4,211.216,2.5315411090237383,2.2861714393279886,81.20347826086957,4.9675,0.16,221.83
2010-04-01,TX,8.3,194.037,2.2857022366777224,2.2067707525304403,84.29285714285714,5.098000000000001,0.2,222.01
2010-05-01,TX,8.2,211.423,2.0061274214170366,2.003548929218568,73.7435,4.8875,0.2,222.01
2010-06-01,TX,8.1,194.734,1.2525672689458034,1.1215605940686268,75.3359090909091,4.7375,0.18,222.01
2010-07-01,TX,8.1,210.988,1.0386985858566566,1.3407784804821077,76.31952380952382,4.564,0.18,223.39
2010-08-01,TX,8.1,195.165,1.8144162097585959,1.1501775395112546,76.59909090909092,4.4275,0.19,223.39
2010-09-01,TX,8.2,211.775,1.3704334839549581,1.1183122472331775,75.24190476190476,4.346,0.19,223.39
2010-10-01,TX,8.2,195.094,1.8193394847814126,1.1666951489314625,81.89285714285714,4.225,0.19,222.35
2010-11-01,TX,8.3,211.996,1.0765812585225465,1.084544776600338,84.25285714285714,4.3,0.19,222.35
2010-12-01,TX,8.3,194.479,1.8577294534179778,1.437793022217937,89.14590909090909,4.714,0.18,222.35
2011-01-01,TX,8.2,213.589,1.681932437064404,1.7007834915029774,89.1705,4.755,0.17,219.1
2011-02-01,TX,8.2,197.224,2.5008835207783298,2.124898173333145,88.57842105263158,4.9525,0.16,219.1
2011-03-01,TX,8.1,217.214,2.8397469888644666,2.619241510354109,102.85652173913043,4.836,0.14,219.1
2011-04-01,TX,8.1,201.624,3.910079005550493,3.0772344447868694,109.5325,4.84,0.1,218.03
2011-05-01,TX,8.2,219.82,3.9716587126282343,3.4589718808964998,100.90047619047618,4.6375,0.09,218.03
2011-06-01,TX,8.3,201.309,3.376400628549714,3.5023181506360412,96.26409090909091,4.51,0.09,218.03
2011-07-01,TX,8.4,219.682,4.120613494606329,3.5798809769996165,97.3035,4.545,0.07,219.88
2011-08-01,TX,8.2,202.445,3.730177029692827,3.75499603070808,86.33304347826088,4.27,0.1,219.88
2011-09-01,TX,8.1,220.371,4.059024908511399,3.812621692818685,85.51523809523809,4.106,0.08,219.88
2011-10-01,TX,7.8,201.398,3.231262878407337,3.5222681306640524,86.32238095238095,4.0675,0.07,220.08
2011-11-01,TX,7.5,219.961,3.757146361252106,3.451432214581729,97.16047619047619,3.9925,0.08,220.08
2011-12-01,TX,7.3,200.477,3.084137618971705,3.062066838419386,98.56285714285715,3.9579999999999997,0.07,220.08
2012-01-01,TX,7.1,220.497,3.2342489547682707,3.0087663379855023,100.2735,3.915,0.08,219.93
2012-02-01,TX,7.0,204.291,3.5832353060479383,2.8981784423473878,102.204,3.89,0.1,219.93
2012-03-01,TX,6.7,223.314,2.8082904416842247,2.5828752813320977,106.15772727272729,3.9539999999999997,0.13,219.93
2012-04-01,TX,6.8,206.088,2.2140221402213944,2.2731633741348567,103.321,3.91,0.14,221.48
2012-05-01,TX,6.8,223.356,1.60858884541899,1.7379429374660749,94.65454545454546,3.7979999999999996,0.16,221.48
2012-06-01,TX,6.8,204.829,1.7485557029243592,1.653870448297634,82.30333333333333,3.675,0.16,221.48
2012-07-01,TX,6.7,222.667,1.358782239782963,1.4175114798464783,87.8952380952381,3.55,0.16,223.43
2012-08-01,TX,6.6,203.959,0.7478574427622453,1.6859349154821235,94.13130434782609,3.6019999999999994,0.13,223.43
2012-09-01,TX,6.5,225.052,2.1241451915179344,1.9497168982819613,94.51368421052632,3.4975,0.14,223.43
2012-10-01,TX,6.5,204.139,1.3609867029464207,2.1556780595369363,89.4913043478261,3.3825000000000003,0.16,225.07
2012-11-01,TX,6.5,223.404,1.5652774810079872,1.7960197033926262,86.53142857142858,3.3519999999999994,0.16,225.07
2012-12-01,TX,6.5,202.477,0.9976206746908689,1.7595049796895523,87.8595,3.3449999999999998,0.16,225.07
2013-01-01,TX,6.5,223.933,1.558297845322154,1.684061762098299,94.75666666666667,3.414,0.14,226.68
2013-02-01,TX,6.6,205.716,0.6975343994596095,2.0181404902574807,95.30894736842104,3.5324999999999998,0.15,226.68
2013-03-01,TX,6.6,226.628,1.48400906347117,1.5187472411246183,92.9385,3.565,0.14,226.68
2013-04-01,TX,6.5,207.506,0.6880555879041905,1.138808047576867,92.02136363636363,3.4450000000000003,0.15,230.82
2013-05-01,TX,6.5,226.289,1.313150307132993,1.3903888279197085,94.50954545454546,3.536,0.11,230.82
2013-06-01,TX,6.4,207.882,1.4905115974788608,1.7157935271568725,95.77250000000001,4.07,0.09,230.82
2013-07-01,TX,6.3,227.548,2.192062586732657,1.885471805415806,104.67090909090908,4.37,0.09,234.56
2013-08-01,TX,6.3,208.575,2.2631999568540673,1.538809488600279,106.57272727272726,4.456,0.08,234.56
2013-09-01,TX,6.2,227.876,1.2548211080106064,1.0947341081747997,106.2895,4.49,0.08,234.56
2013-10-01,TX,6.1,207.788,1.7875075316328592,0.8767991434911471,100.53826086956522,4.192,0.09,237.37
2013-11-01,TX,6.0,226.811,1.5250398381407626,1.2328701961954458,93.864,4.255,0.08,237.37
2013-12-01,TX,5.8,209.814,3.6236214483620355,1.5128383667573297,97.6252380952381,4.4575,0.09,237.37
2014-01-01,TX,5.7,227.673,1.6701424086668748,1.557758795574915,94.61714285714285,4.432,0.07,241.29
2014-02-01,TX,5.6,211.745,2.930739466059995,1.1204746347724948,100.81736842105263,4.3025,0.07,241.29
2014-03-01,TX,5.5,230.095,1.5298197927881896,1.6126949139408042,100.80380952380953,4.3425,0.08,241.29
2014-04-01,TX,5.4,213.309,2.796545642053716,2.015125303606169,102.06904761904761,4.3375,0.09,247.41
2014-05-01,TX,5.3,231.762,2.41858861897839,2.166947687079812,102.17714285714285,4.192,0.09,247.41
2014-06-01,TX,5.2,214.668,3.2643518919386993,2.0589816945944195,105.7942857142857,4.1625,0.1,247.41
2014-07-01,TX,5.2,232.013,1.9622233550723456,1.9742378703305974,103.58863636363638,4.13,0.09,251.89
2014-08-01,TX,5.1,214.102,2.6498861320867872,1.7150983482969062,96.53619047619047,4.115,0.09,251.89
2014-09-01,TX,5.0,231.762,1.705313416068388,1.6840509711232077,93.21190476190476,4.1625,0.09,251.89
2014-10-01,TX,4.9,214.791,3.370261997805457,1.6095417021513292,84.39695652173914,4.036,0.09,254.91
2014-11-01,TX,4.7,229.845,1.3376776258646972,1.231524989320798,75.78947368421052,3.9975,0.09,254.91
2014-12-01,TX,4.6,212.169,1.1224227172638601,0.6531213919623191,59.29045454545455,3.864,0.12,254.91
2015-01-01,TX,4.5,226.855,-0.3592872233422528,-0.22993097820542818,47.219,3.67,0.11,258.64
2015-02-01,TX,4.5,210.283,-0.6904531393893687,-0.08703146293520536,50.58421052631579,3.71,0.11,258.64
2015-03-01,TX,4.5,229.337,-0.32942914882984065,-0.022031284423873476,47.82363636363636,3.77,0.11,258.64
2015-04-01,TX,4.4,212.439,-0.40785902141963204,-0.10403098939391064,54.45285714285714,3.6719999999999997,0.12,265.09
2015-05-01,TX,4.4,230.886,-0.37797395604111106,0.03503321824429584,59.265,3.84,0.12,265.09
2015-06-01,TX,4.4,213.896,-0.3596250954963076,0.1795718097550525,59.819545454545455,3.9825,0.13,265.09
2015-07-01,TX,4.4,231.719,-0.1267170374073867,0.22568611104094582,50.90090909090909,4.046,0.13,270.67
2015-08-01,TX,4.5,214.652,0.25688690437266626,0.2413037985344868,42.86761904761905,3.9050000000000002,0.14,270.67
2015-09-01,TX,4.5,230.913,-0.3663240738343565,0.008842961634170088,45.47952380952381,3.89,0.14,270.67
2015-10-01,TX,4.5,214.569,-0.10335628587790913,0.12761656067050708,46.22363636363636,3.7960000000000003,0.12,272.98
2015-11-01,TX,4.5,230.422,0.25103874350105304,0.4363182169185187,42.4435,3.9425,0.12,272.98
2015-12-01,TX,4.5,212.936,0.36150427253744954,0.6387247515364791,37.18863636363636,3.964,0.24,272.98
2016-01-01,TX,4.5,229.469,1.1522778867558703,1.2375025026943876,31.683157894736844,3.8725,0.34,276.9
2016-02-01,TX,4.5,214.505,2.0077704807331065,0.8472775790126619,30.323,3.66,0.38,276.9
2016-03-01,TX,4.5,230.977,0.715104845707426,0.8916160965521946,37.54636363636364,3.694,0.36,276.9
2016-04-01,TX,4.5,215.513,1.4470036104481832,1.1726257503534843,40.7552380952381,3.605,0.37,283.97
2016-05-01,TX,4.6,232.906,0.8748906386701671,1.0784764621246223,46.712380952380954,3.6,0.37,283.97
2016-06-01,TX,4.7,217.305,1.5937651943000342,1.0792865347959424,48.75727272727273,3.568,0.38,283.97
2016-07-01,TX,4.7,233.292,0.6788394564105626,0.8683633430518256,44.6515,3.44,0.39,289.8
2016-08-01,TX,4.8,216.582,0.8991297542068066,1.0553158595656864,44.72434782608696,3.435,0.4,289.8
2016-09-01,TX,4.8,234.069,1.3667485156747317,1.5486446201652182,45.18238095238095,3.46,0.4,289.8
2016-10-01,TX,4.8,218.2,1.692229539215817,1.685924966243646,49.775238095238095,3.47,0.4,292.68
2016-11-01,TX,4.8,234.029,1.5653887215630435,1.6843334719788938,45.66095238095238,3.77,0.41,292.68
2016-12-01,TX,4.8,217.758,2.2645301874741675,2.0507989115119862,51.9704761904762,4.198,0.54,292.68
2017-01-01,TX,4.8,235.492,2.624755413585267,2.5103933482571117,52.504,4.15,0.65,296.56
2017-02-01,TX,4.7,219.061,2.123959814456544,2.8103616813294208,53.46842105263158,4.1675,0.66,296.56
2017-03-01,TX,4.7,236.154,2.2413487057152848,2.44119623655914,49.32782608695652,4.196,0.79,296.56
2017-04-01,TX,4.6,219.852,2.013335622445056,2.176223471915395,51.060526315789474,4.045,0.9,305.32
2017-05-01,TX,4.4,236.774,1.660755841412409,1.8563431667619756,48.47636363636364,4.01,0.91,305.32
2017-06-01,TX,4.3,220.805,1.6106394238512678,1.640565809959127,45.177727272727275,3.904,1.04,305.32
2017-07-01,TX,4.2,236.942,1.5645628654218813,1.7251073506566073,46.630526315789474,3.9675000000000002,1.15,309.74
2017-08-01,TX,4.2,221.255,2.1576123592911722,1.92812155729698,48.03695652173913,3.88,1.16,309.74
2017-09-01,TX,4.1,239.649,2.3839124360765407,2.1805652303711787,49.822,3.8049999999999997,1.15,309.74
2017-10-01,TX,4.1,223.213,2.297433547204397,2.020757753132485,51.57772727272727,3.895,1.15,312.46
2017-11-01,TX,4.1,238.861,2.0647013831619043,2.172493864295566,56.63857142857143,3.9219999999999997,1.16,312.46
2017-12-01,TX,4.1,221.568,1.7496486925853372,2.129930719552253,57.8815,3.95,1.3,312.46
2018-01-01,TX,4.1,239.772,1.8174715064630753,2.151318868063945,63.698571428571434,4.032500000000001,1.41,316.75
2018-02-01,TX,4.1,224.711,2.5791902712029913,2.263468931091861,62.22947368421052,4.33,1.42,316.75
2018-03-01,TX,4.0,241.595,2.3040050136775125,2.3309497646499366,62.724761904761905,4.444,1.51,316.75
2018-04-01,TX,4.0,225.116,2.3943380092061872,2.4709963021052994,66.25380952380952,4.4675,1.69,323.61
2018-05-01,TX,4.0,243.279,2.7473455700372407,2.781921607842497,69.97818181818182,4.586,1.7,323.61
2018-06-01,TX,3.9,227.393,2.983628088132062,2.8075506935940187,67.87333333333333,4.57,1.82,323.61
2018-07-01,TX,3.9,243.776,2.884250154046142,2.854124785561929,70.98142857142857,4.5275,1.91,327.85
2018-08-01,TX,3.8,226.307,2.283338229644527,2.6429238568742575,68.05565217391305,4.55,1.91,327.85
2018-09-01,TX,3.8,243.64,1.665352244323981,2.332055105808828,70.2321052631579,4.6274999999999995,1.95,327.85
2018-10-01,TX,3.8,228.07,2.1759485334635453,2.492032470218053,70.74869565217391,4.83,2.19,328.8
2018-11-01,TX,3.8,243.484,1.9354352531388619,2.147328577667773,56.963499999999996,4.866,2.2,328.8
2018-12-01,TX,3.8,226.557,2.2516789428076223,2.0023809043401064,49.522777777777776,4.6375,2.27,328.8
2019-01-01,TX,3.7,242.547,1.1573494820079189,1.4875893578291333,51.37571428571429,4.464,2.4,332.8
2019-02-01,TX,3.7,226.804,0.9314185776397199,1.5188615351321877,54.95473684210527,4.37,2.4,332.8
2019-03-01,TX,3.6,245.554,1.6386928537428291,1.8831863513063984,58.151428571428575,4.265,2.41,332.8
2019-04-01,TX,3.5,229.261,1.8412729437267794,2.000583470209061,63.862380952380946,4.1425,2.42,338.63
2019-05-01,TX,3.4,246.667,1.3926397264046653,1.7959105553606136,60.82681818181818,4.072,2.39,338.63
2019-06-01,TX,3.4,229.316,0.845672470128811,1.671194894390049,54.657500000000006,3.8024999999999998,2.38,338.63
2019-07-01,TX,3.5,247.25,1.4250787608296012,1.826331335037068,57.35809523809524,3.765,2.4,342.6
2019-08-01,TX,3.5,229.423,1.3768906838940165,1.7376412106666406,54.80590909090909,3.6159999999999997,2.13,342.6
2019-09-01,TX,3.5,246.891,1.3343457560334837,1.6844977040391562,56.947,3.605,2.04,342.6
2019-10-01,TX,3.5,230.041,0.8642083570833625,1.7339736996186295,53.96304347826087,3.6879999999999997,1.83,345.16
2019-11-01,TX,3.5,247.385,1.6021586634029195,2.092290394862917,57.048947368421054,3.6950000000000003,1.55,345.16
2019-12-01,TX,3.5,228.765,0.9745891762337866,2.3195274699624457,59.81666666666667,3.72,1.55,345.16
2020-01-01,TX,3.5,248.005,2.250285511674033,2.599767976845202,57.519047619047626,3.624,1.55,348.89
2020-02-01,TX,3.6,230.147,1.4739598948872112,2.3413166797595197,50.54263157894737,3.4650000000000003,1.58,348.89
2020-03-01,TX,5.0,248.136,1.0514998737548575,1.4940399642909163,29.207727272727276,3.45,0.65,348.89
2020-04-01,TX,12.8,226.387,-1.2535930664177464,0.3130472940411133,16.547619047619047,3.306,0.05,351.55
2020-05-01,TX,11.7,245.696,-0.39364811669173605,0.1982013035848551,28.5625,3.2325,0.05,351.55
2020-06-01,TX,10.1,228.898,-0.18228121892933657,0.7166562831830481,38.307272727272725,3.1625,0.08,351.55
2020-07-01,TX,9.3,248.619,0.5536905965621841,0.9968647625897997,40.710454545454546,3.016,0.09,356.94
2020-08-01,TX,8.0,228.978,-0.193964859669693,1.2810698495523853,42.33904761904762,2.935,0.1,356.94
2020-09-01,TX,7.7,250.193,1.337432308184594,1.3910228912373812,39.63428571428571,2.89,0.09,356.94
2020-10-01,TX,7.1,229.885,-0.06781399837419988,1.2303863428671624,39.39590909090909,2.834,0.09,365.01
2020-11-01,TX,7.0,250.255,1.1601350122279142,1.1757452138405844,40.93736842105263,2.765,0.09,365.01
2020-12-01,TX,6.9,230.388,0.7094616746442961,1.3204191315779434,47.025,2.684,0.09,365.01
2021-01-01,TX,6.8,252.067,1.6378702042297633,1.3738437137002402,52.008421052631576,2.735,0.09,373.73
2021-02-01,TX,6.6,232.442,0.99718875327508,1.6698167791706853,59.04631578947369,2.81,0.08,373.73
2021-03-01,TX,6.4,255.319,2.894783505819376,2.6678187820641908,62.333043478260876,3.0825,0.07,373.73
2021-04-01,TX,6.2,236.604,4.5130683298952645,4.133077115360573,61.71666666666666,3.06,0.07,395.52
2021-05-01,TX,6.0,259.343,5.554424980463679,4.918257089467626,65.1695,2.9625,0.06,395.52
2021-06-01,TX,5.8,239.374,4.576711024124291,5.295632620349999,71.37818181818182,2.975,0.08,395.52
2021-07-01,TX,5.6,263.013,5.78958164902923,5.245169381309234,72.4852380952381,2.868,0.1,420.62
2021-08-01,TX,5.3,241.088,5.288717693402845,5.152015301793966,67.73045454545455,2.8425000000000002,0.09,420.62
2021-09-01,TX,5.0,264.593,5.7555567102197225,5.351215590949132,71.64619047619047,2.9,0.08,420.62
2021-10-01,TX,4.8,243.813,6.058681514670372,6.235042390298062,81.47666666666666,3.0675,0.08,437.82
2021-11-01,TX,4.6,268.36,7.234620686899373,6.901970403700863,79.14750000000001,3.0675,0.08,437.82
2021-12-01,TX,4.5,245.509,6.563275865062401,7.174340285065539,71.71181818181819,3.098,0.08,437.82
2022-01-01,TX,4.3,271.634,7.7626186688459775,7.558805726967832,83.22200000000001,3.4450000000000003,0.08,458.15
2022-02-01,TX,4.1,250.563,7.795923284088069,7.937278766517819,91.64105263157894,3.7625,0.08,458.15
2022-03-01,TX,4.0,278.598,9.117613651941303,8.572204966013853,108.50260869565217,4.172,0.2,458.15
2022-04-01,TX,3.9,256.668,8.479991885175231,8.231750770777225,101.7775,4.9825,0.33,489.31
2022-05-01,TX,3.8,283.307,9.240272534828398,8.538171195642065,109.55238095238094,5.2299999999999995,0.77,489.31
2022-06-01,TX,3.8,263.874,10.235029702473962,8.979361103105798,114.83714285714285,5.522,1.21,489.31
2022-07-01,TX,3.8,287.608,9.351248797587953,8.462576727730099,101.619,5.4125,1.68,500.46
2022-08-01,TX,3.7,264.074,9.534277940005321,8.222579178218826,93.66521739130435,5.2225,2.33,500.46
2022-09-01,TX,3.8,287.656,8.716405951782535,8.192106896425821,84.25809523809524,6.112,2.56,500.46
2022-10-01,TX,3.9,262.423,7.632898984057457,7.758813957693,87.5547619047619,6.9,3.08,493.89
2022-11-01,TX,4.0,288.991,7.68780742286479,7.122856456533988,84.37047619047618,6.805,3.78,493.89
2022-12-01,TX,4.1,258.588,5.3272996101976,6.404600402357152,76.43714285714286,6.364,4.1,493.89
2023-01-01,TX,4.1,290.438,6.922550196219901,6.327178517960097,78.123,6.2725,4.33,495.68
2023-02-01,TX,4.1,263.537,5.177939280739774,5.957820738137087,76.83263157894737,6.2575,4.57,495.68
2023-03-01,TX,4.1,293.358,5.297956194947551,4.917719362889961,73.27782608695652,6.544,4.65,495.68
2023-04-01,TX,4.0,267.002,4.026212850842326,4.950079879124369,79.44631578947369,6.342499999999999,4.83,500.84
2023-05-01,TX,4.0,295.889,4.4411186451446705,4.131851231385042,71.57818181818182,6.425,5.06,500.84
2023-06-01,TX,4.0,268.379,1.7072542198170337,3.070617072997095,70.24809523809525,6.714,5.08,500.84
2023-07-01,TX,4.0,297.279,3.3625629328808637,3.287749268428297,76.0695,6.84,5.12,506.34
2023-08-01,TX,4.0,271.154,2.681066670705934,3.722504803505289,81.38608695652174,7.072,5.33,506.34
2023-09-01,TX,4.0,299.657,4.171997107656367,3.687206638119256,89.425,7.2,5.33,506.34
2023-10-01,TX,4.0,270.329,3.012693247162024,3.2512659098611785,85.63952380952381,7.62,5.33,502.79
2023-11-01,TX,4.0,298.93,3.4392074493669433,3.1333462745911866,77.685,7.442,5.33,502.79
2023-12-01,TX,4.0,270.133,4.464630996024543,3.3159099427102934,71.9,6.815,5.33,502.79
2024-01-01,TX,4.0,300.421,3.4372224020272846,3.0883429864855705,74.15238095238095,6.6425,5.33,509.68
2024-02-01,TX,4.0,272.772,3.5042517748930857,3.157074141648697,77.249,6.776000000000001,5.33,509.68
2024-03-01,TX,4.0,304.49,3.7946809018332583,3.4868349120836584,81.27799999999999,6.82,5.33,509.68
2024-04-01,TX,4.1,274.834,2.9333113609635753,3.3607951262196734,85.34727272727274,6.9925,5.33,515.71
2024-05-01,TX,4.1,305.296,3.179232752822836,3.244278584003113,80.02454545454545,7.06,5.33,515.71
2024-06-01,TX,4.1,274.1,2.13168690545833,2.9702579486470926,79.76736842105262,6.9175,5.33,515.71
2024-07-01,TX,4.2,305.819,2.8727222575425815,2.9414757935583014,81.80045454545454,6.8475,5.33,517.64
2024-08-01,TX,4.2,275.644,1.6558855853131549,2.607144490692037,76.68318181818182,6.5,5.33,517.64
2024-09-01,TX,4.2,306.078,2.142783248847846,2.4264830315416708,70.236,6.18,5.13,517.64
2024-10-01,TX,4.2,276.116,2.140724820496498,2.578844053871343,71.985,6.428,4.83,521.04
2024-11-01,TX,4.2,306.877,2.65848191884388,2.719472461284833,69.95,6.805,4.64,521.04
2024-12-01,TX,4.1,272.952,1.0435600241362586,2.870690967509981,70.11809523809524,6.715,4.48,521.04
2025-01-01,TX,4.1,308.911,2.826034132101296,2.9909783078999608,75.74249999999999,6.958,4.33,522.82
2025-02-01,TX,4.1,275.619,1.0437288284721458,2.8015834477613355,71.53315789473685,6.842499999999999,4.33,522.82
2025-03-01,TX,4.1,310.183,1.869683733455929,2.381981462805549,68.23904761904762,6.65,4.33,522.82
2025-04-01,TX,4.1,278.069,1.1770741611299984,2.32538823025783,63.53666666666667,6.725,4.33,524.87
2025-05-01,TX,4.1,311.514,2.036711912373579,2.3772651073680873,62.16761904761905,6.816,4.33,524.87
2025-06-01,TX,4.1,279.067,1.8121123677489859,2.680453865910226,68.16900000000001,6.8175,4.33,524.87
2025-07-01,TX,4.2,312.771,2.273240053757286,2.742618052167134,68.39090909090909,6.720000000000001,4.33,526.03
2025-08-01,TX,4.2,278.771,1.134434270290674,2.9385917430316155,64.86428571428571,6.5875,4.33,526.03
2025-09-01,TX,4.3,314.35,2.702579081149259,3.0225715847133294,63.959047619047624,6.3525,4.22,526.03
2025-11-01,TX,4.3,313.597,2.1898024289861873,2.6964439164939513,60.06222222222222,6.2375,3.88,526.03
2025-12-01,TX,4.3,277.453,1.6490078841701061,2.653304114557753,57.972272727272724,6.1899999999999995,3.72,526.03
2026-01-01,TX,4.3,314.74,1.8869512578056469,2.391201432150014,60.037,6.1025,3.64,529.31
2026-02-01,TX,4.3,279.235,1.3119559972280426,2.4340041103732224,64.50842105263159,6.0475,3.64,529.31
2026-03-01,TX,4.3,319.643,3.0498125300225887,3.2859577528651984,91.38363636363637,6.1775,3.64,529.31
2026-04-01,TX,4.3,285.974,2.84281958794399,3.7792458367415627,100.31666666666668,6.332,3.64,529.31
